make,model,vehicle_class,engine_size,cylinders,transmission_type,fuel_type,city,highway,combined,km_per_l,co2,co2_rating,smog_rating
Acura,ADX AWD,Station wagon: Small,1.5,4,continuously variable,premium petrol,9.1,7.7,8.5,11.76,199,6,5
Acura,Integra A-SPEC,Full-size,1.5,4,continuously variable,premium petrol,8.1,6.5,7.4,13.51,172,6,6
Acura,Integra A-SPEC,Full-size,1.5,4,manual,premium petrol,8.9,6.5,7.8,12.82,181,6,5
Acura,Integra Type S,Full-size,2.0,4,manual,premium petrol,11.1,8.3,9.9,10.1,230,5,5
Acura,MDX SH-AWD,Sport utility vehicle: Small,3.5,6,automatic with select shift,premium petrol,12.6,9.4,11.2,8.93,263,4,4
Acura,MDX SH-AWD Type S,Sport utility vehicle: Standard,3.0,6,automatic with select shift,premium petrol,13.8,11.2,12.4,8.06,291,4,4
Acura,RDX SH-AWD,Sport utility vehicle: Small,2.0,4,automatic with select shift,premium petrol,11.0,8.6,9.9,10.1,232,5,5
Acura,RDX SH-AWD A-SPEC,Sport utility vehicle: Small,2.0,4,automatic with select shift,premium petrol,11.3,9.1,10.3,9.71,241,5,5
Acura,TLX SH-AWD A-SPEC,Compact,2.0,4,automatic with select shift,premium petrol,11.3,8.1,9.8,10.2,231,5,6
Acura,TLX Type S (Performance Tire),Compact,3.0,6,automatic with select shift,premium petrol,12.3,9.8,11.2,8.93,261,4,4
Alfa Romeo,Giulia,Mid-size,2.0,4,automatic,premium petrol,10.0,7.2,8.7,11.49,205,5,4
Alfa Romeo,Giulia AWD,Mid-size,2.0,4,automatic,premium petrol,10.5,7.7,9.2,10.87,217,5,4
Alfa Romeo,Stelvio AWD,Sport utility vehicle: Small,2.0,4,automatic,premium petrol,10.8,8.3,9.6,10.42,226,5,4
Alfa Romeo,Tonale AWD,Sport utility vehicle: Small,2.0,4,automatic,regular petrol,11.3,8.1,9.9,10.1,231,5,6
Aston Martin,DB12,Minicompact,4.0,8,automatic,premium petrol,15.9,10.5,13.5,7.41,316,3,4
Aston Martin,DBX707,Sport utility vehicle: Standard,4.0,8,automatic,premium petrol,15.7,12.0,14.0,7.14,329,3,4
Aston Martin,Vanquish,Two-seater,5.2,12,automatic,premium petrol,17.6,11.3,14.8,6.76,347,3,2
Aston Martin,Vantage,Two-seater,4.0,8,automatic,premium petrol,15.3,10.5,13.1,7.63,308,4,4
Audi,A3 40 TFSI quattro,Subcompact,2.0,4,automated manual,premium petrol,9.6,7.3,8.5,11.76,201,5,6
Audi,A4 45 TFSI quattro,Compact,2.0,4,automated manual,premium petrol,10.1,7.3,8.8,11.36,207,5,4
Audi,A4 allroad 45 TFSI quattro,Station wagon: Small,2.0,4,automated manual,premium petrol,10.3,7.8,9.2,10.87,215,5,4
Audi,A5 Coupé 45 TFSI quattro,Subcompact,2.0,4,automated manual,premium petrol,10.1,7.3,8.8,11.36,207,5,4
Audi,A5 Sedan quattro,Mid-size,2.0,4,automated manual,premium petrol,10.5,7.6,9.2,10.87,217,5,4
Audi,A5 Sportback 45 TFSI quattro,Mid-size,2.0,4,automated manual,premium petrol,10.1,7.3,8.8,11.36,207,5,4
Audi,A6 45 TFSI quattro,Mid-size,2.0,4,automated manual,premium petrol,10.0,7.7,8.9,11.24,211,5,4
Audi,A6 55 TFSI quattro,Mid-size,3.0,6,automated manual,premium petrol,10.9,8.0,9.6,10.42,226,5,4
Audi,A6 allroad 55 TFSI quattro,Station wagon: Mid-size,3.0,6,automated manual,premium petrol,10.9,8.0,9.6,10.42,226,5,4
Audi,A7 Sportback,Mid-size,3.0,6,automated manual,premium petrol,10.9,8.0,9.6,10.42,226,5,4
Audi,A8 quattro,Full-size,3.0,6,automatic with select shift,premium petrol,12.6,8.8,10.9,9.17,257,4,4
Audi,Q3 40 TFSI quattro,Sport utility vehicle: Small,2.0,4,automatic with select shift,regular petrol,10.7,8.0,9.5,10.53,224,5,5
Audi,Q3 45 TFSI quattro,Sport utility vehicle: Small,2.0,4,automatic with select shift,regular petrol,11.7,8.3,10.2,9.8,240,5,6
Audi,Q5 40 TFSI quattro,Sport utility vehicle: Small,2.0,4,automated manual,premium petrol,10.1,8.0,9.2,10.87,215,5,4
Audi,Q5 45 TFSI quattro,Sport utility vehicle: Small,2.0,4,automated manual,premium petrol,10.6,8.4,9.6,10.42,226,5,4
Audi,Q5 Sportback 45 TFSI quattro,Sport utility vehicle: Small,2.0,4,automated manual,premium petrol,10.6,8.4,9.6,10.42,226,5,4
Audi,All-new Q5 TFSI quattro,Sport utility vehicle: Small,2.0,4,automated manual,premium petrol,11.2,8.2,9.9,10.1,232,5,6
Audi,All-new Q5 Sportback TFSI quattro,Sport utility vehicle: Small,2.0,4,automated manual,premium petrol,11.2,8.2,9.9,10.1,232,5,6
Audi,Q7 45 TFSI quattro,Sport utility vehicle: Standard,2.0,4,automatic with select shift,premium petrol,12.0,9.2,10.7,9.35,252,5,4
Audi,Q7 55 TFSI quattro,Sport utility vehicle: Standard,3.0,6,automatic with select shift,premium petrol,13.0,10.0,11.7,8.55,275,4,4
Audi,RS 3,Subcompact,2.5,5,automated manual,premium petrol,12.0,8.0,10.2,9.8,239,5,2
Audi,RS 5 Coupé,Subcompact,2.9,6,automatic with select shift,premium petrol,12.9,9.3,11.3,8.85,264,4,4
Audi,RS 5 Sportback,Mid-size,2.9,6,automatic with select shift,premium petrol,13.3,9.6,11.6,8.62,272,4,4
Audi,RS 6 Avant quattro performance,Station wagon: Mid-size,4.0,8,automatic with select shift,premium petrol,17.0,11.0,14.3,6.99,336,3,2
Audi,RS 6 Avant GT,Station wagon: Mid-size,4.0,8,automatic with select shift,premium petrol,17.0,11.0,14.3,6.99,336,3,2
Audi,RS 7 Sportback quattro performance,Mid-size,4.0,8,automatic with select shift,premium petrol,17.0,11.0,14.3,6.99,336,3,2
Audi,RS Q8 performance,Sport utility vehicle: Standard,4.0,8,automatic with select shift,premium petrol,16.1,11.7,14.1,7.09,340,3,2
Audi,S3 quattro,Subcompact,2.0,4,automated manual,premium petrol,10.4,7.6,9.1,10.99,215,5,4
Audi,S4 quattro,Compact,3.0,6,automatic with select shift,premium petrol,11.0,8.1,9.7,10.31,228,5,4
Audi,S5 Coupé quattro,Subcompact,3.0,6,automatic with select shift,premium petrol,11.0,8.1,9.7,10.31,228,5,4
Audi,S5 Sedan quattro,Mid-size,3.0,6,automated manual,premium petrol,12.3,8.3,10.5,9.52,247,5,4
Audi,S5 Sportback quattro,Mid-size,3.0,6,automatic with select shift,premium petrol,11.8,8.2,10.2,9.8,238,5,4
Audi,S6 quattro,Mid-size,2.9,6,automatic with select shift,premium petrol,12.4,8.9,10.8,9.26,254,5,4
Audi,S7 quattro,Mid-size,2.9,6,automatic with select shift,premium petrol,12.4,8.9,10.8,9.26,254,5,4
Audi,S8 quattro,Full-size,4.0,8,automatic with select shift,premium petrol,16.0,10.0,13.3,7.52,312,4,2
Audi,SQ5 quattro,Sport utility vehicle: Small,3.0,6,automatic with select shift,premium petrol,12.6,9.8,11.4,8.77,266,4,4
Audi,SQ5 Sportback quattro,Sport utility vehicle: Small,3.0,6,automatic with select shift,premium petrol,12.6,9.8,11.4,8.77,266,4,4
Audi,All-new SQ5 quattro,Sport utility vehicle: Small,3.0,6,automated manual,premium petrol,12.2,8.9,10.7,9.35,251,5,4
Audi,All-new SQ5 Sportback quattro,Sport utility vehicle: Small,3.0,6,automated manual,premium petrol,12.2,8.9,10.7,9.35,251,5,4
Audi,SQ7 quattro,Sport utility vehicle: Standard,4.0,8,automatic with select shift,premium petrol,16.0,11.2,13.8,7.25,325,3,2
Audi,SQ8 quattro,Sport utility vehicle: Standard,4.0,8,automatic with select shift,premium petrol,16.1,11.9,14.2,7.04,335,3,2
Bentley,Bentayga,Sport utility vehicle: Standard,4.0,8,automatic with select shift,premium petrol,17.1,11.4,14.6,6.85,343,3,2
Bentley,Bentayga EWB,Sport utility vehicle: Standard,4.0,8,automatic with select shift,premium petrol,17.1,11.4,14.6,6.85,343,3,2
BMW,228 xDrive Gran Coupe,Compact,2.0,4,automated manual,premium petrol,9.0,6.3,7.7,12.99,179,6,7
BMW,230i xDrive Coupe,Subcompact,2.0,4,automatic with select shift,premium petrol,9.5,7.1,8.4,11.9,194,6,2
BMW,330i xDrive Sedan,Compact,2.0,4,automatic with select shift,premium petrol,8.9,6.9,8.0,12.5,185,6,7
BMW,430i xDrive Cabriolet,Subcompact,2.0,4,automatic with select shift,premium petrol,9.6,7.1,8.5,11.76,196,6,7
BMW,430i xDrive Coupe,Subcompact,2.0,4,automatic with select shift,premium petrol,8.7,6.9,7.9,12.66,183,6,7
BMW,430i xDrive Gran Coupe,Compact,2.0,4,automatic with select shift,premium petrol,9.3,6.9,8.2,12.2,190,6,7
BMW,530i xDrive Sedan,Mid-size,2.0,4,automatic with select shift,premium petrol,8.7,6.8,7.9,12.66,182,6,6
BMW,760i xDrive Sedan,Full-size,4.4,8,automatic with select shift,premium petrol,13.3,9.3,11.5,8.7,265,4,4
BMW,ALPINA XB7,Sport utility vehicle: Standard,4.4,8,automatic with select shift,premium petrol,15.2,11.6,13.6,7.35,314,4,4
BMW,M2 Coupe,Subcompact,3.0,6,automatic with select shift,premium petrol,14.4,10.3,12.5,8.0,290,4,4
BMW,M2 Coupe,Subcompact,3.0,6,manual,premium petrol,14.7,10.0,12.6,7.94,294,4,4
BMW,M240i xDrive Coupe,Subcompact,3.0,6,automatic with select shift,premium petrol,10.3,7.3,9.0,11.11,209,5,4
BMW,M3 Sedan,Compact,3.0,6,manual,premium petrol,14.7,10.1,12.6,7.94,293,4,4
BMW,M3 Competition Sedan,Compact,3.0,6,automatic with select shift,premium petrol,14.5,10.2,12.6,7.94,292,4,4
BMW,M3 Competition M xDrive Sedan,Compact,3.0,6,automatic with select shift,premium petrol,14.9,10.3,12.8,7.81,296,4,4
BMW,M340i xDrive Sedan,Compact,3.0,6,automatic with select shift,premium petrol,9.0,7.1,8.2,12.2,189,6,6
BMW,M4 Coupe,Subcompact,3.0,6,manual,premium petrol,14.7,10.1,12.6,7.94,293,4,4
BMW,M4 Competition Coupe,Subcompact,3.0,6,automatic with select shift,premium petrol,14.5,10.2,12.6,7.94,292,4,4
BMW,M4 Competition M xDrive Cabriolet,Subcompact,3.0,6,automatic with select shift,premium petrol,14.9,10.5,12.9,7.75,297,4,4
BMW,M4 Competition M xDrive Coupe,Subcompact,3.0,6,automatic with select shift,premium petrol,14.7,10.2,12.7,7.87,293,4,4
BMW,M4 CS Coupe,Subcompact,3.0,6,automatic with select shift,premium petrol,15.0,10.3,12.9,7.75,297,4,4
BMW,M440i xDrive Cabriolet,Subcompact,3.0,6,automatic with select shift,premium petrol,9.2,7.3,8.4,11.9,194,6,6
BMW,M440i xDrive Coupe,Subcompact,3.0,6,automatic with select shift,premium petrol,8.9,7.1,8.1,12.35,187,6,6
BMW,M440i xDrive Gran Coupe,Compact,3.0,6,automatic with select shift,premium petrol,9.4,7.6,8.6,11.63,199,6,6
BMW,M8 Competition Cabriolet,Subcompact,4.4,8,automatic with select shift,premium petrol,16.1,10.9,13.8,7.25,321,3,2
BMW,M8 Competition Coupe,Subcompact,4.4,8,automatic with select shift,premium petrol,16.1,10.9,13.8,7.25,321,3,2
BMW,M8 Competition Gran Coupe,Mid-size,4.4,8,automatic with select shift,premium petrol,16.1,10.9,13.8,7.25,321,3,2
BMW,M850i xDrive Cabriolet,Subcompact,4.4,8,automatic with select shift,premium petrol,14.2,9.9,12.2,8.2,285,4,2
BMW,M850i xDrive Coupe,Subcompact,4.4,8,automatic with select shift,premium petrol,14.1,9.9,12.2,8.2,284,4,2
BMW,M850i xDrive Gran Coupe,Mid-size,4.4,8,automatic with select shift,premium petrol,14.2,9.9,12.2,8.2,285,4,2
BMW,X1 xDrive28i,Sport utility vehicle: Small,2.0,4,automated manual,premium petrol,9.7,7.1,8.5,11.76,198,6,7
BMW,X1 M35i,Sport utility vehicle: Small,2.0,4,automated manual,premium petrol,10.1,7.6,9.0,11.11,208,5,5
BMW,X2 xDrive28i,Sport utility vehicle: Small,2.0,4,automated manual,premium petrol,9.7,7.1,8.5,11.76,198,6,7
BMW,X2 M35i,Sport utility vehicle: Small,2.0,4,automated manual,premium petrol,10.3,7.3,8.9,11.24,206,5,5
BMW,X3 xDrive30i,Sport utility vehicle: Small,2.0,4,automatic with select shift,premium petrol,8.8,7.1,8.1,12.35,186,6,7
BMW,X3 M50i xDrive,Sport utility vehicle: Small,3.0,6,automatic with select shift,premium petrol,9.3,7.7,8.6,11.63,199,6,6
BMW,X4 xDrive30i,Sport utility vehicle: Small,2.0,4,automatic with select shift,premium petrol,11.1,8.6,9.9,10.1,231,5,6
BMW,X4 M,Sport utility vehicle: Small,3.0,6,automatic with select shift,premium petrol,15.7,11.7,13.9,7.19,323,3,2
BMW,X4 M Competition,Sport utility vehicle: Small,3.0,6,automatic with select shift,premium petrol,15.7,11.7,13.9,7.19,323,3,2
BMW,X4 M40i xDrive,Sport utility vehicle: Small,3.0,6,automatic with select shift,premium petrol,10.9,9.0,10.0,10.0,234,5,4
BMW,X5 xDrive40i,Sport utility vehicle: Standard,3.0,6,automatic with select shift,premium petrol,10.1,8.7,9.4,10.64,218,5,6
BMW,X5 M Competition,Sport utility vehicle: Standard,4.4,8,automatic with select shift,premium petrol,18.2,12.9,15.8,6.33,366,2,4
BMW,X5 M60i xDrive,Sport utility vehicle: Standard,4.4,8,automatic with select shift,premium petrol,13.8,10.5,12.3,8.13,285,4,4
BMW,X6 xDrive40i,Sport utility vehicle: Standard,3.0,6,automatic with select shift,premium petrol,10.3,8.9,9.6,10.42,223,5,6
BMW,X6 M Competition,Sport utility vehicle: Standard,4.4,8,automatic with select shift,premium petrol,18.2,12.9,15.8,6.33,366,2,4
BMW,X6 M60i xDrive,Sport utility vehicle: Standard,4.4,8,automatic with select shift,premium petrol,13.8,10.5,12.3,8.13,285,4,4
BMW,X7 xDrive40i,Sport utility vehicle: Standard,3.0,6,automatic with select shift,premium petrol,11.6,9.6,10.7,9.35,247,5,6
BMW,X7 M60i xDrive,Sport utility vehicle: Standard,4.4,8,automatic with select shift,premium petrol,14.7,11.6,13.3,7.52,310,4,4
BMW,Z4 sDrive30i,Two-seater,2.0,4,automatic with select shift,premium petrol,9.4,7.1,8.4,11.9,194,6,6
BMW,Z4 M40i,Two-seater,3.0,6,automatic with select shift,premium petrol,10.4,8.0,9.3,10.75,215,5,4
BMW,Z4 M40i,Two-seater,3.0,6,manual,premium petrol,12.6,8.9,10.9,9.17,253,5,4
Bugatti,Mistral,Two-seater,8.0,16,automated manual,premium petrol,29.7,19.2,25.0,4.0,586,1,1
Buick,Enclave AWD,Sport utility vehicle: Standard,2.5,4,automatic,regular petrol,12.3,9.9,11.2,8.93,262,4,5
Buick,Encore GX,Sport utility vehicle: Small,1.3,3,continuously variable,regular petrol,8.0,7.6,7.8,12.82,183,6,6
Buick,Encore GX AWD,Sport utility vehicle: Small,1.3,3,automatic,regular petrol,9.1,8.4,8.8,11.36,207,5,6
Buick,Envision AWD,Sport utility vehicle: Small,2.0,4,automatic with select shift,regular petrol,10.8,8.3,9.7,10.31,229,5,6
Buick,Envista,Station wagon: Small,1.2,3,automatic,regular petrol,8.4,7.4,7.9,12.66,185,6,6
Cadillac,CT4,Compact,2.0,4,automatic with select shift,premium petrol,10.6,7.3,9.1,10.99,214,5,6
Cadillac,CT4,Compact,2.7,4,automatic with select shift,premium petrol,11.0,7.6,9.5,10.53,221,5,5
Cadillac,CT4 AWD,Compact,2.0,4,automatic with select shift,premium petrol,11.0,7.6,9.5,10.53,223,5,6
Cadillac,CT4 AWD,Compact,2.7,4,automatic with select shift,premium petrol,11.3,8.1,9.9,10.1,231,5,5
Cadillac,CT4-V,Compact,2.7,4,automatic with select shift,premium petrol,11.8,8.2,10.2,9.8,236,5,5
Cadillac,CT4-V,Compact,3.6,6,automatic with select shift,premium petrol,15.0,9.7,12.6,7.94,297,4,4
Cadillac,CT4-V,Compact,3.6,6,manual,premium petrol,15.2,10.2,12.9,7.75,303,4,4
Cadillac,CT4-V AWD,Compact,2.7,4,automatic with select shift,premium petrol,12.0,8.4,10.4,9.62,244,5,5
Cadillac,CT5,Mid-size,2.0,4,automatic with select shift,premium petrol,10.4,7.3,9.0,11.11,212,5,6
Cadillac,CT5,Mid-size,3.0,6,automatic with select shift,premium petrol,12.3,8.4,10.6,9.43,249,5,4
Cadillac,CT5 AWD,Mid-size,2.0,4,automatic with select shift,premium petrol,11.0,7.8,9.6,10.42,224,5,6
Cadillac,CT5 AWD,Mid-size,3.0,6,automatic with select shift,premium petrol,13.1,9.0,11.2,8.93,264,4,4
Cadillac,CT5-V,Mid-size,3.0,6,automatic with select shift,premium petrol,13.1,8.7,11.1,9.01,261,4,4
Cadillac,CT5-V,Mid-size,6.2,8,automatic with select shift,premium petrol,18.5,11.5,15.3,6.54,360,2,2
Cadillac,CT5-V,Mid-size,6.2,8,manual,premium petrol,18.7,11.6,15.5,6.45,365,2,2
Cadillac,CT5-V AWD,Mid-size,3.0,6,automatic with select shift,premium petrol,13.8,9.0,11.7,8.55,275,4,4
Cadillac,Escalade 4WD,Sport utility vehicle: Standard,6.2,8,automatic,premium petrol,16.6,13.0,15.0,6.67,352,3,5
Cadillac,Escalade-V AWD,Sport utility vehicle: Standard,6.2,8,automatic with select shift,premium petrol,20.8,13.8,17.7,5.65,415,1,2
Cadillac,XT4 AWD,Sport utility vehicle: Small,2.0,4,automatic with select shift,premium petrol,10.4,8.3,9.5,10.53,222,5,6
Cadillac,XT5,Sport utility vehicle: Small,2.0,4,automatic with select shift,premium petrol,10.9,8.2,9.7,10.31,228,5,6
Cadillac,XT5 AWD,Sport utility vehicle: Small,2.0,4,automatic with select shift,premium petrol,11.2,8.7,10.1,9.9,237,5,6
Cadillac,XT5 AWD,Sport utility vehicle: Small,3.6,6,automatic with select shift,regular petrol,12.9,9.2,11.2,8.93,264,4,5
Cadillac,XT6 AWD,Sport utility vehicle: Small,2.0,4,automatic with select shift,premium petrol,11.2,9.0,10.2,9.8,239,5,6
Cadillac,XT6 AWD,Sport utility vehicle: Small,3.6,6,automatic with select shift,regular petrol,13.1,9.5,11.5,8.7,270,4,5
Chevrolet,Blazer AWD,Sport utility vehicle: Small,2.0,4,automatic,regular petrol,10.8,8.7,9.9,10.1,229,5,6
Chevrolet,Blazer AWD,Sport utility vehicle: Small,3.6,6,automatic,regular petrol,12.8,9.1,11.2,8.93,262,4,5
Chevrolet,Colorado,Pickup truck: Standard,2.7,4,automatic,regular petrol,12.4,10.3,11.5,8.7,291,4,6
Chevrolet,Colorado 4WD,Pickup truck: Standard,2.7,4,automatic,regular petrol,13.6,11.0,12.4,8.06,303,4,6
Chevrolet,Colorado 4WD Mud Terrain Tire,Pickup truck: Standard,2.7,4,automatic,regular petrol,14.0,11.9,13.1,7.63,307,4,6
Chevrolet,Colorado ZR2 4WD,Pickup truck: Standard,2.7,4,automatic,regular petrol,14.1,13.8,14.0,7.14,328,3,6
Chevrolet,Colorado ZR2 Bison 4WD,Pickup truck: Standard,2.7,4,automatic,regular petrol,14.8,15.1,14.9,6.71,350,3,6
Chevrolet,Corvette,Two-seater,6.2,8,automatic with select shift,premium petrol,15.0,9.4,12.5,8.0,294,4,4
Chevrolet,Corvette E-Ray,Two-seater,6.2,8,automatic with select shift,premium petrol,15.2,9.7,12.7,7.87,298,4,2
Chevrolet,Corvette Z06,Two-seater,5.5,8,automatic with select shift,premium petrol,20.0,11.7,16.3,6.13,382,2,2
Chevrolet,Corvette Z06 Carbon Aero,Two-seater,5.5,8,automatic with select shift,premium petrol,20.0,12.6,16.7,5.99,392,2,2
Chevrolet,Corvette ZR1,Two-seater,5.5,8,automatic with select shift,premium petrol,20.0,13.0,16.9,5.92,396,2,2
Chevrolet,Equinox,Sport utility vehicle: Small,1.5,4,continuously variable,regular petrol,9.2,8.3,8.8,11.36,206,5,6
Chevrolet,Equinox AWD,Sport utility vehicle: Small,1.5,4,automatic,regular petrol,10.0,8.2,9.2,10.87,216,5,6
Chevrolet,Malibu,Mid-size,1.5,4,continuously variable,regular petrol,8.5,6.8,7.7,12.99,180,6,6
Chevrolet,Silverado,Pickup truck: Standard,2.7,4,automatic,regular petrol,13.4,11.2,12.5,8.0,292,4,6
Chevrolet,Silverado,Pickup truck: Standard,3.0,6,automatic,diesel,10.0,8.3,9.3,10.75,249,5,4
Chevrolet,Silverado,Pickup truck: Standard,5.3,8,automatic,regular petrol,14.8,11.2,13.2,7.58,309,4,6
Chevrolet,Silverado 4WD,Pickup truck: Standard,2.7,4,automatic,regular petrol,13.7,12.0,12.9,7.75,303,4,6
Chevrolet,Silverado 4WD Mud Terrain Tire,Pickup truck: Standard,2.7,4,automatic,regular petrol,14.7,13.8,14.3,6.99,335,3,6
Chevrolet,Silverado 4WD,Pickup truck: Standard,3.0,6,automatic,diesel,10.7,9.3,10.1,9.9,270,4,4
Chevrolet,Silverado 4WD (With Sport Mode),Pickup truck: Standard,3.0,6,automatic,diesel,10.6,9.0,9.9,10.1,266,4,4
Chevrolet,Silverado 4WD Mud Terrain Tire,Pickup truck: Standard,3.0,6,automatic,diesel,11.1,10.0,10.6,9.43,285,4,4
Chevrolet,Silverado 4WD,Pickup truck: Standard,5.3,8,automatic,regular petrol,15.2,12.4,13.9,7.19,326,3,6
Chevrolet,Silverado 4WD FFV,Pickup truck: Standard,5.3,8,automatic,regular petrol,15.2,12.2,13.9,7.19,326,3,4
Chevrolet,Silverado 4WD FFV,Pickup truck: Standard,5.3,8,automatic,E85,21.3,16.6,19.2,5.21,318,3,4
Chevrolet,Silverado 4WD Mud Terrain Tire,Pickup truck: Standard,5.3,8,automatic,regular petrol,15.6,13.1,14.5,6.9,339,3,6
Chevrolet,Silverado 4WD,Pickup truck: Standard,6.2,8,automatic,premium petrol,15.8,12.0,14.1,7.09,331,3,5
Chevrolet,Silverado 4WD Mud Terrain Tire,Pickup truck: Standard,6.2,8,automatic,premium petrol,17.1,14.0,15.7,6.37,368,2,5
Chevrolet,Silverado 4WD ZR2,Pickup truck: Standard,3.0,6,automatic,diesel,11.7,10.3,11.1,9.01,298,4,4
Chevrolet,Silverado 4WD ZR2,Pickup truck: Standard,6.2,8,automatic,premium petrol,17.1,14.1,15.7,6.37,370,2,5
Chevrolet,Suburban,Sport utility vehicle: Standard,5.3,8,automatic,regular petrol,15.7,12.0,14.0,7.14,329,3,6
Chevrolet,Suburban 4WD,Sport utility vehicle: Standard,3.0,6,automatic,diesel,11.5,9.7,10.7,9.35,287,4,4
Chevrolet,Suburban 4WD,Sport utility vehicle: Standard,5.3,8,automatic,regular petrol,17.1,12.6,15.1,6.62,353,3,6
Chevrolet,Suburban 4WD,Sport utility vehicle: Standard,6.2,8,automatic,premium petrol,16.6,13.0,15.0,6.67,352,3,5
Chevrolet,Tahoe,Sport utility vehicle: Standard,5.3,8,automatic,regular petrol,15.7,12.0,14.0,7.14,329,3,6
Chevrolet,Tahoe 4WD,Sport utility vehicle: Standard,3.0,6,automatic,diesel,11.5,9.7,10.7,9.35,287,4,4
Chevrolet,Tahoe 4WD,Sport utility vehicle: Standard,5.3,8,automatic,regular petrol,15.9,12.5,14.4,6.94,337,3,6
Chevrolet,Tahoe 4WD,Sport utility vehicle: Standard,6.2,8,automatic,premium petrol,16.6,13.0,15.0,6.67,352,3,5
Chevrolet,Trailblazer,Sport utility vehicle: Small,1.2,3,continuously variable,regular petrol,7.8,7.7,7.8,12.82,183,6,6
Chevrolet,Trailblazer,Sport utility vehicle: Small,1.2,3,continuously variable,E85,10.7,10.2,10.5,9.52,175,6,6
Chevrolet,Trailblazer,Sport utility vehicle: Small,1.3,3,continuously variable,regular petrol,8.1,7.2,7.7,12.99,181,6,6
Chevrolet,Trailblazer AWD,Sport utility vehicle: Small,1.3,3,automatic,regular petrol,9.1,8.1,8.7,11.49,204,5,6
Chevrolet,Traverse AWD,Sport utility vehicle: Standard,2.5,4,automatic,regular petrol,12.3,9.9,11.2,8.93,262,4,5
Chevrolet,Trax,Station wagon: Small,1.2,3,automatic,regular petrol,8.5,7.6,8.1,12.35,190,6,6
Chrysler,Grand Caravan,Minivan,3.6,6,automatic,regular petrol,12.4,8.4,10.6,9.43,249,5,6
Chrysler,Pacifica,Minivan,3.6,6,automatic,regular petrol,12.4,8.4,10.6,9.43,249,5,6
Chrysler,Pacifica AWD,Minivan,3.6,6,automatic,regular petrol,14.1,9.4,12.0,8.33,279,4,6
Dodge,Durango AWD,Sport utility vehicle: Standard,3.6,6,automatic,regular petrol,13.5,10.0,11.9,8.4,280,4,6
Dodge,Durango AWD,Sport utility vehicle: Standard,5.7,8,automatic,regular petrol,16.7,10.9,14.1,7.09,331,3,4
Dodge,Durango AWD SRT Hellcat,Sport utility vehicle: Standard,6.2,8,automatic,premium petrol,20.5,13.8,17.4,5.75,410,1,1
Dodge,Hornet AWD,Sport utility vehicle: Small,2.0,4,automatic,regular petrol,11.3,8.1,9.9,10.1,231,5,6
Ferrari,12Cilindri,Two-seater,6.5,12,automated manual,premium petrol,19.6,12.7,16.5,6.06,385,2,5
Ferrari,12Cilindri Spider,Two-seater,6.5,12,automated manual,premium petrol,19.6,13.5,16.8,5.95,393,2,5
Ferrari,Daytona SP3,Two-seater,6.5,12,automated manual,premium petrol,19.9,14.8,17.6,5.68,410,1,2
Ferrari,Purosangue,Sport utility vehicle: Standard,6.5,12,automated manual,premium petrol,22.0,15.3,19.0,5.26,442,1,5
Ferrari,Roma Spider,Minicompact,3.9,8,automated manual,premium petrol,13.9,10.5,12.4,8.06,290,4,5
Ford,Bronco 4WD,Sport utility vehicle: Small,2.3,4,automatic with select shift,regular petrol,12.9,10.9,12.0,8.33,289,4,6
Ford,Bronco 4WD,Sport utility vehicle: Small,2.3,4,manual,regular petrol,12.9,11.0,12.1,8.26,291,4,6
Ford,Bronco 4WD,Sport utility vehicle: Small,2.7,6,automatic with select shift,regular petrol,13.7,13.1,13.4,7.46,314,4,5
Ford,Bronco 4WD (With Sport Mode),Sport utility vehicle: Small,2.7,6,automatic with select shift,regular petrol,13.8,12.7,13.3,7.52,313,4,5
Ford,Bronco Badlands 4WD,Sport utility vehicle: Small,2.3,4,automatic with select shift,regular petrol,14.0,12.5,13.3,7.52,321,3,6
Ford,Bronco Badlands 4WD,Sport utility vehicle: Small,2.3,4,manual,regular petrol,13.9,12.9,13.5,7.41,326,3,6
Ford,Bronco Outer Banks 4WD,Sport utility vehicle: Standard,2.7,6,automatic with select shift,regular petrol,12.5,11.4,12.0,8.33,282,4,5
Ford,Bronco Raptor 4WD,Sport utility vehicle: Standard,3.0,6,automatic with select shift,regular petrol,15.7,14.8,15.3,6.54,358,2,5
Ford,Bronco Sasquatch 4WD,Sport utility vehicle: Small,2.3,4,automatic with select shift,regular petrol,13.8,12.4,13.2,7.58,310,4,6
Ford,Bronco Sasquatch 4WD,Sport utility vehicle: Small,2.3,4,manual,regular petrol,13.8,12.4,13.2,7.58,310,4,6
Ford,Bronco Sport 4WD,Sport utility vehicle: Small,1.5,3,automatic,regular petrol,9.3,7.9,8.7,11.49,203,5,6
Ford,Bronco Sport 4WD,Sport utility vehicle: Small,2.0,4,automatic with select shift,regular petrol,11.2,8.7,10.1,9.9,237,5,6
Ford,Bronco Sport Sasquatch,Sport utility vehicle: Small,1.5,3,automatic,regular petrol,10.2,9.0,9.7,10.31,228,5,6
Ford,Escape,Sport utility vehicle: Small,1.5,3,automatic,regular petrol,8.9,6.9,8.0,12.5,185,6,6
Ford,Escape AWD,Sport utility vehicle: Small,1.5,3,automatic,regular petrol,9.2,7.4,8.4,11.9,196,6,6
Ford,Escape AWD,Sport utility vehicle: Small,2.0,4,automatic,regular petrol,10.2,7.6,9.1,10.99,213,5,6
Ford,Escape Hybrid,Sport utility vehicle: Small,2.5,4,continuously variable,regular petrol,5.6,6.5,6.0,16.67,140,7,7
Ford,Escape Hybrid AWD,Sport utility vehicle: Small,2.5,4,continuously variable,regular petrol,5.6,6.5,6.0,16.67,140,7,7
Ford,Expedition 4WD,Sport utility vehicle: Standard,3.5,6,automatic with select shift,regular petrol,15.4,10.7,13.3,7.52,312,4,6
Ford,Explorer AWD,Sport utility vehicle: Standard,2.3,4,automatic,regular petrol,11.9,8.7,10.4,9.62,245,5,6
Ford,Explorer AWD,Sport utility vehicle: Standard,3.0,6,automatic,regular petrol,13.0,9.3,11.3,8.85,266,4,5
Ford,Explorer AWD,Sport utility vehicle: Standard,3.0,6,automatic with select shift,regular petrol,13.3,9.6,11.6,8.62,273,4,5
Ford,F-150,Pickup truck: Standard,2.7,6,automatic with select shift,regular petrol,12.8,9.5,11.3,8.85,265,4,6
Ford,F-150,Pickup truck: Standard,3.5,6,automatic with select shift,regular petrol,14.2,9.7,12.2,8.2,286,4,6
Ford,F-150,Pickup truck: Standard,5.0,8,automatic with select shift,regular petrol,14.5,10.2,12.6,7.94,295,4,5
Ford,F-150 4X4,Pickup truck: Standard,2.7,6,automatic with select shift,regular petrol,13.1,10.2,11.8,8.47,277,4,6
Ford,F-150 4X4,Pickup truck: Standard,3.5,6,automatic with select shift,regular petrol,14.5,9.8,12.4,8.06,291,4,6
Ford,F-150 4X4,Pickup truck: Standard,5.0,8,automatic with select shift,regular petrol,14.8,10.3,12.8,7.81,300,4,5
Ford,F-150 Hybrid 4X4,Pickup truck: Standard,3.5,6,automatic with select shift,regular petrol,11.2,10.0,10.7,9.35,250,5,6
Ford,F-150 Tremor 4X4,Pickup truck: Standard,3.5,6,automatic with select shift,regular petrol,14.3,11.2,12.9,7.75,303,4,6
Ford,F-150 Tremor 4X4,Pickup truck: Standard,5.0,8,automatic with select shift,regular petrol,15.2,11.9,13.7,7.3,322,3,5
Ford,F-150 Raptor 4X4,Pickup truck: Standard,3.5,6,automatic with select shift,regular petrol,16.6,13.1,15.0,6.67,353,3,6
Ford,F-150 Raptor R 4X4,Pickup truck: Standard,5.2,8,automatic with select shift,premium petrol,22.8,15.9,19.7,5.08,460,1,4
Ford,Maverick AWD,Pickup truck: Small,2.0,4,automatic,regular petrol,10.6,7.8,9.4,10.64,219,5,6
Ford,Maverick Lobo,Pickup truck: Small,2.0,4,automatic with select shift,regular petrol,11.2,7.8,9.7,10.31,227,5,6
Ford,Maverick Tremor AWD,Pickup truck: Small,2.0,4,automatic with select shift,regular petrol,11.2,8.7,10.1,9.9,237,5,6
Ford,Maverick Hybrid,Pickup truck: Small,2.5,4,continuously variable,regular petrol,5.6,6.7,6.2,16.13,145,7,7
Ford,Maverick Hybrid AWD,Pickup truck: Small,2.5,4,continuously variable,regular petrol,5.8,6.9,6.3,15.87,148,7,7
Ford,Mustang,Subcompact,2.3,4,automatic,regular petrol,10.8,7.1,9.2,10.87,215,5,6
Ford,Mustang,Subcompact,5.0,8,automatic with select shift,regular petrol,15.7,10.4,13.3,7.52,313,4,4
Ford,Mustang,Subcompact,5.0,8,manual,regular petrol,16.1,10.8,13.7,7.3,322,3,4
Ford,Mustang Dark Horse,Subcompact,5.0,8,automatic with select shift,regular petrol,16.5,11.0,14.0,7.14,327,3,4
Ford,Mustang Dark Horse,Subcompact,5.0,8,manual,regular petrol,17.2,11.0,14.4,6.94,337,3,4
Ford,Mustang GTD,Subcompact,5.2,8,automated manual,premium petrol,23.5,13.9,19.2,5.21,451,1,4
Ford,Ranger 4WD,Pickup truck: Standard,2.3,4,automatic with select shift,regular petrol,12.2,9.0,10.7,9.35,252,5,6
Ford,Ranger 4WD,Pickup truck: Standard,2.7,6,automatic with select shift,regular petrol,12.7,10.1,11.5,8.7,270,4,5
Ford,Ranger Raptor 4WD,Pickup truck: Standard,3.0,6,automatic with select shift,regular petrol,14.9,12.8,14.0,7.14,326,3,5
Genesis,G70 AWD,Compact,2.5,4,automatic with select shift,premium petrol,11.7,8.4,10.2,9.8,239,5,5
Genesis,G70 AWD,Compact,3.3,6,automatic with select shift,premium petrol,14.3,10.7,12.7,7.87,298,4,4
Genesis,G80 AWD,Full-size,2.5,4,automatic with select shift,premium petrol,11.6,8.1,10.0,10.0,235,5,6
Genesis,G80 AWD,Full-size,3.5,6,automatic with select shift,premium petrol,15.6,10.2,13.1,7.63,308,4,5
Genesis,G90,Full-size,3.5,6,automatic with select shift,premium petrol,13.6,9.6,11.8,8.47,274,4,4
Genesis,GV70 AWD,Sport utility vehicle: Small,2.5,4,automatic with select shift,premium petrol,11.8,9.0,10.6,9.43,248,5,4
Genesis,GV70 AWD,Sport utility vehicle: Small,3.5,6,automatic with select shift,premium petrol,12.9,10.0,11.6,8.62,275,4,4
Genesis,GV80,Sport utility vehicle: Standard,3.5,6,automatic with select shift,premium petrol,13.1,10.7,12.0,8.33,283,4,5
Genesis,GV80 AWD,Sport utility vehicle: Standard,2.5,4,automatic with select shift,premium petrol,12.5,9.8,11.3,8.85,265,4,6
Genesis,GV80 AWD,Sport utility vehicle: Standard,3.5,6,automatic with select shift,premium petrol,14.4,10.6,12.7,7.87,298,4,5
GMC,Acadia AWD,Sport utility vehicle: Standard,2.5,4,automatic,regular petrol,12.3,9.9,11.2,8.93,262,4,5
GMC,Canyon,Pickup truck: Standard,2.7,4,automatic,regular petrol,12.4,10.3,11.5,8.7,291,4,6
GMC,Canyon 4WD,Pickup truck: Standard,2.7,4,automatic,regular petrol,13.6,11.0,12.4,8.06,303,4,6
GMC,Canyon AT4X 4WD,Pickup truck: Standard,2.7,4,automatic,regular petrol,14.1,13.8,14.0,7.14,328,3,6
GMC,Canyon AT4X AEV 4WD,Pickup truck: Standard,2.7,4,automatic,regular petrol,14.8,15.1,14.9,6.71,350,3,6
GMC,Sierra,Pickup truck: Standard,2.7,4,automatic,regular petrol,13.4,11.2,12.5,8.0,292,4,6
GMC,Sierra,Pickup truck: Standard,3.0,6,automatic,diesel,10.0,8.3,9.3,10.75,249,5,4
GMC,Sierra,Pickup truck: Standard,5.3,8,automatic,regular petrol,14.9,11.7,13.5,7.41,315,4,6
GMC,Sierra 4WD,Pickup truck: Standard,2.7,4,automatic,regular petrol,14.1,12.7,13.5,7.41,315,4,6
GMC,Sierra 4WD (With Sport Mode),Pickup truck: Standard,2.7,4,automatic,regular petrol,14.2,12.9,13.6,7.35,320,3,6
GMC,Sierra 4WD Mud Terrain Tire,Pickup truck: Standard,2.7,4,automatic,regular petrol,14.7,13.8,14.3,6.99,335,3,6
GMC,Sierra 4WD,Pickup truck: Standard,3.0,6,automatic,diesel,10.6,9.0,9.9,10.1,266,4,4
GMC,Sierra 4WD Mud Terrain Tire,Pickup truck: Standard,3.0,6,automatic,diesel,11.1,10.0,10.6,9.43,285,4,4
GMC,Sierra 4WD,Pickup truck: Standard,5.3,8,automatic,regular petrol,15.4,12.6,14.2,7.04,332,3,6
GMC,Sierra 4WD FFV,Pickup truck: Standard,5.3,8,automatic,regular petrol,15.2,12.2,13.9,7.19,326,3,4
GMC,Sierra 4WD FFV,Pickup truck: Standard,5.3,8,automatic,E85,21.3,16.6,19.2,5.21,318,3,4
GMC,Sierra 4WD Mud Terrain Tire,Pickup truck: Standard,5.3,8,automatic,regular petrol,15.7,13.2,14.6,6.85,342,3,6
GMC,Sierra 4WD,Pickup truck: Standard,6.2,8,automatic,premium petrol,16.0,12.1,14.3,6.99,335,3,5
GMC,Sierra 4WD Mud Terrain Tire,Pickup truck: Standard,6.2,8,automatic,premium petrol,17.1,14.0,15.7,6.37,368,2,5
GMC,Sierra 4WD AT4X,Pickup truck: Standard,3.0,6,automatic,diesel,12.2,12.0,12.1,8.26,326,3,4
GMC,Sierra 4WD AT4X,Pickup truck: Standard,6.2,8,automatic,premium petrol,17.1,14.7,16.0,6.25,377,2,5
GMC,Terrain,Sport utility vehicle: Small,1.5,4,continuously variable,regular petrol,9.2,8.3,8.8,11.36,206,5,6
GMC,Terrain AWD,Sport utility vehicle: Small,1.5,4,automatic,regular petrol,10.0,8.4,9.3,10.75,219,5,6
GMC,Yukon,Sport utility vehicle: Standard,5.3,8,automatic,regular petrol,15.7,12.0,14.0,7.14,329,3,6
GMC,Yukon 4WD,Sport utility vehicle: Standard,3.0,6,automatic,diesel,11.5,9.7,10.7,9.35,287,4,4
GMC,Yukon 4WD,Sport utility vehicle: Standard,5.3,8,automatic,regular petrol,15.9,12.5,14.4,6.94,337,3,6
GMC,Yukon 4WD,Sport utility vehicle: Standard,6.2,8,automatic,premium petrol,16.6,13.0,15.0,6.67,352,3,5
GMC,Yukon XL,Sport utility vehicle: Standard,5.3,8,automatic,regular petrol,15.7,12.0,14.0,7.14,329,3,6
GMC,Yukon XL 4WD,Sport utility vehicle: Standard,3.0,6,automatic,diesel,11.5,9.7,10.7,9.35,287,4,4
GMC,Yukon XL 4WD,Sport utility vehicle: Standard,5.3,8,automatic,regular petrol,17.1,12.6,15.1,6.62,353,3,6
GMC,Yukon XL 4WD,Sport utility vehicle: Standard,6.2,8,automatic,premium petrol,16.6,13.0,15.0,6.67,352,3,5
Honda,Accord,Full-size,1.5,4,continuously variable,regular petrol,8.1,6.4,7.3,13.7,171,6,6
Honda,Accord Hybrid Sport/Touring,Mid-size,2.0,4,continuously variable,regular petrol,5.0,5.7,5.3,18.87,124,8,6
Honda,Civic Hatchback,Full-size,2.0,4,continuously variable,regular petrol,7.7,6.1,7.0,14.29,164,7,6
Honda,Civic Hatchback Hybrid,Full-size,2.0,4,continuously variable,regular petrol,4.8,5.4,5.0,20.0,119,8,6
Honda,Civic Sedan,Mid-size,2.0,4,continuously variable,regular petrol,7.4,5.8,6.7,14.93,156,7,6
Honda,Civic Sedan,Mid-size,2.0,4,continuously variable,regular petrol,7.6,6.0,6.9,14.49,161,7,6
Honda,Civic Sedan Hybrid,Mid-size,2.0,4,continuously variable,regular petrol,4.7,5.1,4.9,20.41,114,8,6
Honda,Civic Sedan Si,Mid-size,1.5,4,manual,premium petrol,8.7,6.4,7.7,12.99,180,6,5
Honda,Civic Type R,Full-size,2.0,4,manual,premium petrol,10.8,8.3,9.7,10.31,224,5,5
Honda,CR-V,Sport utility vehicle: Small,1.5,4,continuously variable,regular petrol,8.4,7.1,7.8,12.82,181,6,6
Honda,CR-V AWD,Sport utility vehicle: Small,1.5,4,continuously variable,regular petrol,9.1,7.6,8.4,11.9,197,6,5
Honda,CR-V Hybrid AWD,Sport utility vehicle: Small,2.0,4,continuously variable,regular petrol,6.0,6.9,6.4,15.62,151,7,6
Honda,HR-V,Station wagon: Small,2.0,4,continuously variable,regular petrol,9.1,7.4,8.3,12.05,194,6,6
Honda,HR-V AWD,Station wagon: Small,2.0,4,continuously variable,regular petrol,9.4,7.8,8.7,11.49,203,5,6
Honda,Odyssey,Minivan,3.5,6,automatic with select shift,regular petrol,12.2,8.5,10.6,9.43,248,5,4
Honda,Passport AWD,Sport utility vehicle: Small,3.5,6,automatic with select shift,regular petrol,12.5,9.8,11.3,8.85,265,4,4
Honda,Pilot AWD,Sport utility vehicle: Standard,3.5,6,automatic with select shift,regular petrol,12.4,9.3,11.0,9.09,258,4,6
Honda,Pilot AWD Touring/Elite/Black,Sport utility vehicle: Standard,3.5,6,automatic with select shift,regular petrol,12.7,9.4,11.2,8.93,262,4,6
Honda,Pilot AWD TrailSport,Sport utility vehicle: Standard,3.5,6,automatic with select shift,regular petrol,13.2,10.1,11.8,8.47,276,4,6
Honda,Ridgeline AWD,Pickup truck: Standard,3.5,6,automatic with select shift,regular petrol,12.8,9.9,11.5,8.7,271,4,4
Honda,Ridgeline AWD TrailSport,Pickup truck: Standard,3.5,6,automatic with select shift,regular petrol,12.8,10.2,11.6,8.62,273,4,4
Hyundai,Elantra,Mid-size,1.6,4,automated manual,regular petrol,8.3,6.8,7.6,13.16,179,6,4
Hyundai,Elantra,Mid-size,2.0,4,continuously variable,regular petrol,7.7,5.9,6.9,14.49,160,7,6
Hyundai,Elantra (Stop/Start),Mid-size,2.0,4,continuously variable,regular petrol,7.3,5.7,6.5,15.38,153,7,6
Hyundai,Elantra Hybrid,Mid-size,1.6,4,automated manual,regular petrol,4.8,4.5,4.7,21.28,110,8,6
Hyundai,Elantra N,Mid-size,2.0,4,automated manual,premium petrol,11.8,8.6,10.4,9.62,244,5,2
Hyundai,Elantra N,Mid-size,2.0,4,manual,premium petrol,11.0,8.1,9.7,10.31,227,5,2
Hyundai,Kona,Sport utility vehicle: Small,2.0,4,continuously variable,regular petrol,8.4,6.7,7.6,13.16,179,6,6
Hyundai,Kona (Stop/Start),Sport utility vehicle: Small,2.0,4,continuously variable,regular petrol,8.1,6.8,7.5,13.33,177,6,6
Hyundai,Kona AWD,Sport utility vehicle: Small,1.6,4,automatic with select shift,regular petrol,9.6,8.2,9.0,11.11,212,5,6
Hyundai,Kona AWD,Sport utility vehicle: Small,2.0,4,continuously variable,regular petrol,9.0,8.1,8.6,11.63,201,6,6
Hyundai,Kona AWD (Stop/Start),Sport utility vehicle: Small,2.0,4,continuously variable,regular petrol,8.8,8.1,8.5,11.76,198,6,6
Hyundai,Palisade AWD,Sport utility vehicle: Small,3.8,6,automatic with select shift,regular petrol,12.2,9.7,11.1,9.01,261,4,5
Hyundai,Santa Cruz AWD,Sport utility vehicle: Small,2.5,4,automated manual,regular petrol,12.4,8.5,10.7,9.35,251,5,6
Hyundai,Santa Cruz AWD XRT,Sport utility vehicle: Small,2.5,4,automated manual,regular petrol,12.8,8.9,11.1,9.01,260,4,6
Hyundai,Santa Fe AWD,Sport utility vehicle: Small,2.5,4,automated manual,regular petrol,12.1,8.8,10.6,9.43,249,5,6
Hyundai,Santa Fe AWD XRT,Sport utility vehicle: Small,2.5,4,automated manual,regular petrol,12.2,9.1,10.8,9.26,254,5,6
Hyundai,Santa Fe Hybrid AWD,Sport utility vehicle: Small,1.6,4,automated manual,regular petrol,6.8,6.9,6.9,14.49,161,7,6
Hyundai,Sonata,Full-size,2.5,4,automated manual,regular petrol,10.1,7.3,8.8,11.36,207,5,4
Hyundai,Sonata,Full-size,2.5,4,automatic with select shift,regular petrol,9.6,6.5,8.2,12.2,193,6,6
Hyundai,Sonata AWD,Full-size,2.5,4,automatic with select shift,regular petrol,9.9,7.0,8.6,11.63,203,5,6
Hyundai,Sonata Hybrid,Full-size,2.0,4,automated manual,regular petrol,5.3,4.6,5.0,20.0,117,8,6
Hyundai,Tucson AWD,Sport utility vehicle: Small,2.5,4,automatic with select shift,regular petrol,9.7,7.7,8.8,11.36,207,5,6
Hyundai,Tucson Hybrid,Sport utility vehicle: Small,1.6,4,automated manual,regular petrol,6.7,6.7,6.7,14.93,157,7,6
Hyundai,Venue,Sport utility vehicle: Small,1.6,4,continuously variable,regular petrol,7.9,6.9,7.5,13.33,177,6,4
INEOS,Grenadier Station Wagon,Sport utility vehicle: Standard,3.0,6,automatic,premium petrol,16.0,13.7,15.0,6.67,349,3,5
INEOS,Grenadier Belstaff Edition,Sport utility vehicle: Standard,3.0,6,automatic,premium petrol,16.9,14.8,16.0,6.25,372,2,5
INEOS,Grenadier Detour,Sport utility vehicle: Standard,3.0,6,automatic,premium petrol,16.9,14.8,16.0,6.25,372,2,5
INEOS,Grenadier Fieldmaster Edition,Sport utility vehicle: Standard,3.0,6,automatic,premium petrol,16.0,13.7,15.0,6.67,349,3,5
INEOS,Grenadier Trialmaster Edition,Sport utility vehicle: Standard,3.0,6,automatic,premium petrol,16.9,14.8,16.0,6.25,372,2,5
INEOS,Grenadier Quartermaster,Pickup truck: Standard,3.0,6,automatic,premium petrol,16.9,14.8,16.0,6.25,372,2,5
INEOS,Grenadier Quartermaster Fieldmaster,Pickup truck: Standard,3.0,6,automatic,premium petrol,16.9,14.8,16.0,6.25,372,2,5
INEOS,Grenadier Quartermaster Trialmaster,Pickup truck: Standard,3.0,6,automatic,premium petrol,16.9,14.8,16.0,6.25,372,2,5
Infiniti,QX50 AWD,Sport utility vehicle: Small,2.0,4,continuously variable,premium petrol,10.8,8.3,9.7,10.31,228,5,5
Infiniti,QX55 AWD,Sport utility vehicle: Small,2.0,4,continuously variable,premium petrol,10.4,8.3,9.4,10.64,222,5,5
Infiniti,QX60 AWD,Sport utility vehicle: Standard,2.0,4,automatic with select shift,premium petrol,10.9,8.8,10.0,10.0,235,5,5
Infiniti,QX80 4WD,Sport utility vehicle: Standard,3.5,6,automatic with select shift,premium petrol,15.1,12.2,13.8,7.25,324,3,5
Jaguar,F-Pace P250,Sport utility vehicle: Small,2.0,4,automatic with select shift,premium petrol,10.8,8.8,9.9,10.1,234,5,6
Jaguar,F-Pace P400,Sport utility vehicle: Small,3.0,6,automatic with select shift,premium petrol,12.6,9.4,11.1,9.01,261,4,6
Jaguar,F-Pace P550 SVR,Sport utility vehicle: Small,5.0,8,automatic with select shift,premium petrol,15.7,11.4,13.8,7.25,322,3,2
Jeep,Compass 4X4,Sport utility vehicle: Small,2.0,4,automatic,regular petrol,9.9,7.4,8.8,11.36,205,5,6
Jeep,Gladiator 4X4,Pickup truck: Standard,3.6,6,automatic,regular petrol,13.7,10.7,12.3,8.13,290,4,6
Jeep,Grand Cherokee 4X4,Sport utility vehicle: Standard,3.6,6,automatic,regular petrol,12.3,9.2,10.9,9.17,256,5,6
Jeep,Grand Cherokee L 4X4,Sport utility vehicle: Standard,3.6,6,automatic,regular petrol,13.0,9.4,11.3,8.85,266,4,6
Jeep,Grand Wagoneer 4X4 (High Output),Sport utility vehicle: Standard,3.0,6,automatic,premium petrol,16.3,11.8,14.3,6.99,334,3,6
Jeep,Grand Wagoneer L 4X4 (High Output),Sport utility vehicle: Standard,3.0,6,automatic,premium petrol,16.3,11.8,14.3,6.99,334,3,6
Jeep,Wagoneer 4X4,Sport utility vehicle: Standard,3.0,6,automatic,regular petrol,14.5,10.1,12.5,8.0,293,4,6
Jeep,Wagoneer L 4X4,Sport utility vehicle: Standard,3.0,6,automatic,regular petrol,14.5,10.4,12.7,7.87,297,4,6
Jeep,Wrangler JL 4X4,Sport utility vehicle: Small,2.0,4,automatic,regular petrol,11.6,10.2,11.0,9.09,258,4,6
Jeep,Wrangler JL 4X4,Sport utility vehicle: Small,3.6,6,manual,regular petrol,13.9,10.2,12.2,8.2,287,4,6
Jeep,Wrangler JL Unlimited 4X4,Sport utility vehicle: Small,2.0,4,automatic,regular petrol,11.9,10.5,11.3,8.85,265,4,6
Jeep,Wrangler JL Unlimited 4X4,Sport utility vehicle: Small,3.6,6,automatic,regular petrol,13.4,10.1,11.9,8.4,280,4,6
Jeep,Wrangler JL Unlimited 4X4,Sport utility vehicle: Small,3.6,6,manual,regular petrol,14.3,10.5,12.6,7.94,296,4,6
Kia,Carnival,Minivan,3.5,6,automatic with select shift,regular petrol,12.9,8.8,11.1,9.01,260,4,5
Kia,Carnival Hybrid,Minivan,1.6,4,automated manual,regular petrol,6.9,7.6,7.2,13.89,170,6,6
Kia,K4,Mid-size,1.6,4,automatic with select shift,regular petrol,9.2,6.6,8.0,12.5,188,6,6
Kia,K4,Mid-size,2.0,4,continuously variable,regular petrol,8.4,6.0,7.3,13.7,172,6,6
Kia,K4 (Without DMS),Mid-size,2.0,4,continuously variable,regular petrol,7.9,5.8,7.0,14.29,164,7,6
Kia,Niro,Sport utility vehicle: Small,1.6,4,automated manual,regular petrol,4.5,5.2,4.8,20.83,112,8,6
Kia,Niro FE,Sport utility vehicle: Small,1.6,4,automated manual,regular petrol,4.5,4.4,4.4,22.73,104,8,6
Kia,Seltos,Sport utility vehicle: Small,2.0,4,continuously variable,regular petrol,8.3,6.8,7.6,13.16,179,6,6
Kia,Seltos AWD,Sport utility vehicle: Small,1.6,4,automatic with select shift,regular petrol,9.7,8.6,9.2,10.87,217,5,6
Kia,Seltos AWD,Sport utility vehicle: Small,2.0,4,continuously variable,regular petrol,8.8,7.5,8.2,12.2,192,6,6
Kia,Sorento AWD,Sport utility vehicle: Small,2.5,4,automated manual,regular petrol,11.5,8.7,10.3,9.71,241,5,6
Kia,Sorento AWD,Sport utility vehicle: Small,2.5,4,automatic with select shift,regular petrol,10.2,8.5,9.4,10.64,222,5,6
Kia,Sorento Hybrid AWD,Sport utility vehicle: Small,1.6,4,automatic with select shift,regular petrol,7.0,6.9,7.0,14.29,163,7,6
Kia,Soul,Station wagon: Small,2.0,4,continuously variable,regular petrol,8.5,7.0,7.9,12.66,187,6,6
Kia,Sportage,Sport utility vehicle: Small,2.5,4,automatic with select shift,regular petrol,9.3,7.1,8.3,12.05,195,6,6
Kia,Sportage AWD,Sport utility vehicle: Small,2.5,4,automatic with select shift,regular petrol,10.1,8.7,9.4,10.64,222,5,6
Kia,Sportage Hybrid AWD,Sport utility vehicle: Small,1.6,4,automated manual,regular petrol,6.1,6.3,6.2,16.13,145,7,6
Kia,Telluride AWD,Sport utility vehicle: Small,3.8,6,automatic with select shift,regular petrol,13.1,10.0,11.7,8.55,275,4,5
Land Rover,Defender 90 P300,Sport utility vehicle: Standard,2.0,4,automatic with select shift,premium petrol,13.1,11.4,12.3,8.13,289,4,6
Land Rover,Defender 90 P400,Sport utility vehicle: Standard,3.0,6,automatic with select shift,premium petrol,13.1,11.5,12.4,8.06,291,4,6
Land Rover,Defender 90 V8,Sport utility vehicle: Standard,5.0,8,automatic with select shift,premium petrol,16.2,12.4,14.5,6.9,342,3,2
Land Rover,Defender 110 P300,Sport utility vehicle: Standard,2.0,4,automatic with select shift,premium petrol,13.2,11.9,12.6,7.94,294,4,6
Land Rover,Defender 110 P400,Sport utility vehicle: Standard,3.0,6,automatic with select shift,premium petrol,13.4,11.8,12.7,7.87,298,4,6
Land Rover,Defender 110 OCTA,Sport utility vehicle: Standard,4.4,8,automatic with select shift,premium petrol,15.8,12.2,14.2,7.04,332,3,5
Land Rover,Defender 110 V8 P500/P525,Sport utility vehicle: Standard,5.0,8,automatic with select shift,premium petrol,16.9,12.8,15.1,6.62,357,2,2
Land Rover,Defender 130 P300,Sport utility vehicle: Standard,3.0,6,automatic with select shift,premium petrol,14.1,11.8,13.1,7.63,305,4,6
Land Rover,Defender 130 P400,Sport utility vehicle: Standard,3.0,6,automatic with select shift,premium petrol,13.3,11.5,12.5,8.0,294,4,6
Land Rover,Defender 130 P400 Outbound,Sport utility vehicle: Standard,3.0,6,automatic with select shift,premium petrol,14.4,12.2,13.4,7.46,316,3,6
Land Rover,Defender 130 V8 P500,Sport utility vehicle: Standard,5.0,8,automatic with select shift,premium petrol,17.0,12.5,15.0,6.67,353,3,2
Land Rover,Discovery P300,Sport utility vehicle: Standard,2.0,4,automatic with select shift,premium petrol,12.2,9.8,11.1,9.01,262,4,6
Land Rover,Discovery P360,Sport utility vehicle: Standard,3.0,6,automatic with select shift,premium petrol,13.6,10.3,12.1,8.26,284,4,6
Land Rover,Discovery Sport P250,Sport utility vehicle: Small,2.0,4,automatic with select shift,premium petrol,12.7,10.0,11.5,8.7,271,4,6
Land Rover,Range Rover P400,Sport utility vehicle: Standard,3.0,6,automatic with select shift,premium petrol,12.4,9.9,11.3,8.85,266,4,6
Land Rover,Range Rover P400 LWB,Sport utility vehicle: Standard,3.0,6,automatic with select shift,premium petrol,12.4,9.9,11.3,8.85,266,4,6
Land Rover,Range Rover P530,Sport utility vehicle: Standard,4.4,8,automatic with select shift,premium petrol,14.5,10.2,12.6,7.94,296,4,5
Land Rover,Range Rover P530 LWB,Sport utility vehicle: Standard,4.4,8,automatic with select shift,premium petrol,15.2,10.8,13.2,7.58,311,4,5
Land Rover,Range Rover SV P615,Sport utility vehicle: Standard,4.4,8,automatic with select shift,premium petrol,15.2,10.8,13.2,7.58,311,4,5
Land Rover,Range Rover SV P615 LWB,Sport utility vehicle: Standard,4.4,8,automatic with select shift,premium petrol,15.2,10.8,13.2,7.58,311,4,5
Land Rover,Range Rover Sport P360,Sport utility vehicle: Standard,3.0,6,automatic with select shift,premium petrol,11.8,9.3,10.6,9.43,248,5,6
Land Rover,Range Rover Sport P400,Sport utility vehicle: Standard,3.0,6,automatic with select shift,premium petrol,12.5,9.4,11.1,9.01,261,4,6
Land Rover,Range Rover Sport P530,Sport utility vehicle: Standard,4.4,8,automatic with select shift,premium petrol,14.5,10.2,12.6,7.94,296,4,5
Land Rover,Range Rover Sport SV P635,Sport utility vehicle: Standard,4.4,8,automatic with select shift,premium petrol,15.0,10.8,13.1,7.63,309,4,5
Land Rover,Range Rover Evoque P250,Sport utility vehicle: Small,2.0,4,automatic with select shift,premium petrol,11.9,8.8,10.5,9.52,247,5,6
Land Rover,Range Rover Velar P250,Sport utility vehicle: Small,2.0,4,automatic with select shift,premium petrol,10.9,8.9,10.0,10.0,237,5,6
Land Rover,Range Rover Velar P340,Sport utility vehicle: Small,3.0,6,automatic with select shift,premium petrol,12.1,9.0,10.7,9.35,253,5,6
Land Rover,Range Rover Velar P400,Sport utility vehicle: Small,3.0,6,automatic with select shift,premium petrol,12.6,9.4,11.1,9.01,261,4,6
Lexus,ES 250 AWD,Mid-size,2.5,4,automatic with select shift,regular petrol,9.6,7.0,8.4,11.9,198,6,5
Lexus,ES 300h,Mid-size,2.5,4,continuously variable,regular petrol,5.5,5.2,5.3,18.87,124,8,6
Lexus,ES 350,Mid-size,3.5,6,automatic with select shift,regular petrol,10.7,7.3,9.2,10.87,214,5,4
Lexus,ES 350 F SPORT,Mid-size,3.5,6,automatic with select shift,regular petrol,10.9,7.5,9.4,10.64,219,5,4
Lexus,GX 550,Sport utility vehicle: Standard,3.4,6,automatic with select shift,premium petrol,15.3,11.2,13.5,7.41,314,4,4
Lexus,IS 300 AWD,Compact,3.5,6,automatic with select shift,premium petrol,12.2,9.0,10.8,9.26,253,5,4
Lexus,IS 350 AWD,Compact,3.5,6,automatic with select shift,premium petrol,12.2,9.0,10.8,9.26,253,5,4
Lexus,IS 500,Compact,5.0,8,automatic with select shift,premium petrol,14.1,9.3,11.9,8.4,280,4,4
Lexus,LC 500,Subcompact,5.0,8,automatic with select shift,premium petrol,15.2,9.7,12.7,7.87,299,4,4
Lexus,LC 500 Convertible,Minicompact,5.0,8,automatic with select shift,premium petrol,16.0,9.5,13.0,7.69,304,4,4
Lexus,LC 500h,Subcompact,3.5,6,continuously variable,premium petrol,9.0,7.1,8.1,12.35,189,6,6
Lexus,LS 500 AWD,Mid-size,3.4,6,automatic with select shift,premium petrol,13.8,8.7,11.2,8.93,271,4,4
Lexus,LS 500h AWD,Mid-size,3.5,6,continuously variable,premium petrol,10.1,8.1,9.2,10.87,217,5,6
Lexus,LX 600,Sport utility vehicle: Standard,3.4,6,automatic with select shift,premium petrol,14.2,10.8,12.7,7.87,298,4,4
Lexus,LX 700h,Sport utility vehicle: Standard,3.4,6,continuously variable,premium petrol,12.5,10.7,11.7,8.55,272,4,4
Lexus,NX 250 AWD,Sport utility vehicle: Small,2.5,4,automatic with select shift,regular petrol,9.4,7.4,8.4,11.9,198,6,5
Lexus,NX 350 AWD,Sport utility vehicle: Small,2.4,4,automatic with select shift,premium petrol,10.9,8.5,9.8,10.2,228,5,6
Lexus,NX 350 AWD F SPORT,Sport utility vehicle: Small,2.4,4,automatic with select shift,premium petrol,11.2,8.3,9.7,10.31,230,5,6
Lexus,NX 350h AWD,Sport utility vehicle: Small,2.5,4,continuously variable,premium petrol,5.7,6.4,6.0,16.67,140,7,6
Lexus,RC 300 AWD,Subcompact,3.5,6,automatic with select shift,premium petrol,12.2,9.0,10.8,9.26,253,5,4
Lexus,RC 350 AWD,Subcompact,3.5,6,automatic with select shift,premium petrol,12.2,9.0,10.8,9.26,253,5,4
Lexus,RC F,Subcompact,5.0,8,automatic with select shift,premium petrol,14.4,9.6,12.2,8.2,285,4,4
Lexus,RX 350 AWD,Sport utility vehicle: Small,2.4,4,automatic with select shift,premium petrol,11.2,8.3,9.9,10.1,230,5,6
Lexus,RX 350h AWD,Sport utility vehicle: Small,2.5,4,continuously variable,premium petrol,6.3,6.8,6.5,15.38,151,7,6
Lexus,RX 500h AWD,Sport utility vehicle: Small,2.4,4,continuously variable,premium petrol,8.7,8.4,8.6,11.63,199,6,6
Lexus,TX 350 AWD,Sport utility vehicle: Standard,2.4,4,automatic with select shift,premium petrol,11.5,8.9,10.3,9.71,241,5,6
Lexus,TX 500h AWD,Sport utility vehicle: Standard,2.4,4,automatic with select shift,premium petrol,8.7,8.4,8.6,11.63,200,6,6
Lexus,UX 300h AWD,Compact,2.0,4,continuously variable,regular petrol,5.3,5.9,5.6,17.86,130,7,6
Lexus,UX 300h AWD,Compact,2.0,4,continuously variable,regular petrol,5.3,5.9,5.6,17.86,130,7,6
Lincoln,Aviator AWD,Sport utility vehicle: Standard,3.0,6,automatic with select shift,regular petrol,13.8,9.5,11.9,8.4,278,4,5
Lincoln,Corsair AWD,Sport utility vehicle: Small,2.0,4,automatic with select shift,regular petrol,11.2,8.3,9.9,10.1,232,5,6
Lincoln,Nautilus AWD,Sport utility vehicle: Small,2.0,4,automatic,regular petrol,11.2,8.1,9.8,10.2,231,5,6
Lincoln,Nautilus Hybrid AWD,Sport utility vehicle: Small,2.0,4,continuously variable,regular petrol,7.9,7.6,7.7,12.99,180,6,6
Lincoln,Navigator 4WD,Sport utility vehicle: Standard,3.5,6,automatic with select shift,regular petrol,15.6,10.8,13.5,7.41,317,3,6
Maserati,Grancabrio,Subcompact,3.0,6,automatic,premium petrol,13.8,8.9,11.6,8.62,267,4,4
Maserati,Grancabrio Trofeo,Subcompact,3.0,6,automatic,premium petrol,13.8,8.9,11.6,8.62,267,4,4
Maserati,Grecale,Sport utility vehicle: Small,2.0,4,automatic,premium petrol,10.9,8.4,9.8,10.2,227,5,4
Maserati,Grecale Modena,Sport utility vehicle: Small,2.0,4,automatic,premium petrol,10.9,8.4,9.8,10.2,227,5,4
Maserati,Grecale Trofeo,Sport utility vehicle: Small,3.0,6,automatic,premium petrol,13.3,9.5,11.6,8.62,268,4,4
Maserati,GT2 Stradale,Two-seater,3.0,6,automatic with select shift,premium petrol,15.4,9.5,12.8,7.81,295,4,4
Maserati,MC20 Spyder,Two-seater,3.0,6,automatic with select shift,premium petrol,15.6,9.4,12.8,7.81,299,4,4
Mazda,CX-30 4WD,Sport utility vehicle: Small,2.5,4,automatic with select shift,regular petrol,9.0,7.1,8.2,12.2,192,6,6
Mazda,CX-30 Turbo 4WD,Sport utility vehicle: Small,2.5,4,automatic with select shift,regular petrol,10.5,7.9,9.3,10.75,220,5,4
Mazda,CX-5 4WD,Sport utility vehicle: Small,2.5,4,automatic with select shift,regular petrol,10.2,8.2,9.3,10.75,216,5,6
Mazda,CX-5 4WD (Cylinder Deactivation),Sport utility vehicle: Small,2.5,4,automatic with select shift,regular petrol,9.1,7.7,8.5,11.76,200,6,6
Mazda,CX-5 Turbo 4WD,Sport utility vehicle: Small,2.5,4,automatic with select shift,regular petrol,10.8,8.7,9.8,10.2,230,5,4
Mazda,CX-50 4WD,Sport utility vehicle: Small,2.5,4,automatic with select shift,regular petrol,9.7,8.0,8.9,11.24,209,5,6
Mazda,CX-50 Turbo 4WD,Sport utility vehicle: Small,2.5,4,automatic with select shift,regular petrol,10.4,8.2,9.4,10.64,221,5,4
Mazda,CX-50 Hybrid 4WD,Sport utility vehicle: Small,2.5,4,continuously variable,regular petrol,6.1,6.4,6.2,16.13,145,7,6
Mazda,CX-70 4WD,Sport utility vehicle: Standard,3.3,6,automatic with select shift,regular petrol,9.9,8.4,9.3,10.75,216,5,5
Mazda,CX-70 4WD (High Power),Sport utility vehicle: Standard,3.3,6,automatic with select shift,premium petrol,10.3,8.5,9.5,10.53,222,5,5
Mazda,CX-90 4WD,Sport utility vehicle: Standard,3.3,6,automatic with select shift,regular petrol,9.9,8.4,9.3,10.75,216,5,5
Mazda,CX-90 4WD (High Power),Sport utility vehicle: Standard,3.3,6,automatic with select shift,premium petrol,10.3,8.5,9.5,10.53,222,5,5
Mazda,Mazda3 4-Door,Compact,2.5,4,automatic with select shift,regular petrol,8.4,6.3,7.5,13.33,175,6,6
Mazda,Mazda3 4-Door 4WD,Compact,2.5,4,automatic with select shift,regular petrol,8.9,6.6,7.9,12.66,185,6,6
Mazda,Mazda3 4-Door Turbo 4WD,Compact,2.5,4,automatic with select shift,regular petrol,10.1,7.3,8.8,11.36,207,5,4
Mazda,Mazda3 5-Door,Mid-size,2.5,4,automatic with select shift,regular petrol,8.5,6.5,7.6,13.16,178,6,6
Mazda,Mazda3 5-Door (SIL),Mid-size,2.5,4,manual,regular petrol,9.0,6.4,7.8,12.82,184,6,6
Mazda,Mazda3 5-Door 4WD,Mid-size,2.5,4,automatic with select shift,regular petrol,9.0,7.1,8.1,12.35,191,6,6
Mazda,Mazda3 5-Door Turbo 4WD,Mid-size,2.5,4,automatic with select shift,regular petrol,10.1,7.5,8.9,11.24,209,5,4
Mazda,MX-5,Two-seater,2.0,4,automatic with select shift,premium petrol,9.0,6.7,8.0,12.5,187,6,2
Mazda,MX-5 (SIL),Two-seater,2.0,4,manual,premium petrol,9.0,7.0,8.1,12.35,189,6,2
Mercedes-Benz,AMG C 43 4MATIC Sedan,Compact,2.0,4,automatic,premium petrol,12.5,8.8,10.8,9.26,252,5,4
Mercedes-Benz,AMG CLA 35 4MATIC Coupe,Compact,2.0,4,automated manual,premium petrol,10.8,8.0,9.6,10.42,225,5,5
Mercedes-Benz,AMG CLA 45 S 4MATIC Coupe,Compact,2.0,4,automated manual,premium petrol,11.7,8.4,10.2,9.8,236,5,2
Mercedes-Benz,AMG CLE 53 4MATIC+ Cabriolet,Subcompact,3.0,6,automatic,premium petrol,12.1,9.2,10.8,9.26,253,5,6
Mercedes-Benz,AMG CLE 53 4MATIC+ Coupe,Subcompact,3.0,6,automatic,premium petrol,11.7,8.7,10.4,9.62,243,5,6
Mercedes-Benz,AMG G 63 SUV,Sport utility vehicle: Standard,4.0,8,automatic,premium petrol,17.4,14.7,16.2,6.17,378,2,4
Mercedes-Benz,AMG GLA 35 4MATIC Coupe,Station wagon: Small,2.0,4,automated manual,premium petrol,10.9,8.4,9.8,10.2,230,5,5
Mercedes-Benz,AMG GLB 35 4MATIC Coupe,Station wagon: Small,2.0,4,automated manual,premium petrol,11.5,8.9,10.3,9.71,242,5,5
Mercedes-Benz,AMG GLC 43 4MATIC+ SUV,Station wagon: Small,2.0,4,automatic,premium petrol,12.6,9.4,11.2,8.93,263,4,4
Mercedes-Benz,AMG GLC 43 4MATIC Coupe,Station wagon: Small,2.0,4,automatic,premium petrol,12.7,9.8,11.4,8.77,269,4,4
Mercedes-Benz,AMG GLE 53 4MATIC+ SUV,Sport utility vehicle: Standard,3.0,6,automatic,premium petrol,12.9,10.2,11.7,8.55,273,4,6
Mercedes-Benz,AMG GLE 53 4MATIC+ Coupe,Sport utility vehicle: Standard,3.0,6,automatic,premium petrol,13.2,10.7,12.1,8.26,282,4,6
Mercedes-Benz,AMG GLE 63 S 4MATIC+ SUV,Sport utility vehicle: Standard,4.0,8,automatic,premium petrol,17.2,12.8,15.2,6.58,355,3,4
Mercedes-Benz,AMG GLE 63 S 4MATIC+ Coupe,Sport utility vehicle: Standard,4.0,8,automatic,premium petrol,17.2,12.8,15.2,6.58,355,3,4
Mercedes-Benz,AMG GLS 63 4MATIC+ SUV,Sport utility vehicle: Standard,4.0,8,automatic,premium petrol,17.2,13.1,15.3,6.54,359,2,4
Mercedes-Benz,AMG GT 53 4MATIC+ ,Compact,3.0,6,automatic,premium petrol,12.3,10.0,11.3,8.85,263,4,5
Mercedes-Benz,AMG GT 55 4MATIC+ Coupe,Subcompact,4.0,8,automatic,premium petrol,19.7,12.6,16.5,6.06,387,2,4
Mercedes-Benz,AMG GT 63 4MATIC+,Compact,4.0,8,automatic,premium petrol,15.3,11.3,13.5,7.41,318,3,4
Mercedes-Benz,AMG GT 63 4MATIC+ Coupe,Subcompact,4.0,8,automatic,premium petrol,19.7,12.6,16.5,6.06,387,2,4
Mercedes-Benz,AMG GT 63 PRO 4MATIC+ Coupe,Subcompact,4.0,8,automatic,premium petrol,19.7,12.6,16.5,6.06,387,2,4
Mercedes-Benz,AMG SL 43 4MATIC Roadster,Minicompact,2.0,4,automatic,premium petrol,12.2,8.8,10.7,9.35,249,5,4
Mercedes-Benz,AMG SL 55 4MATIC+ Roadster,Minicompact,4.0,8,automatic,premium petrol,18.2,11.3,15.1,6.62,347,3,4
Mercedes-Benz,AMG SL 63 4MATIC+ Roadster,Minicompact,4.0,8,automatic,premium petrol,18.2,11.3,15.1,6.62,347,3,4
Mercedes-Benz,C 300 4MATIC Sedan,Compact,2.0,4,automatic,premium petrol,10.0,7.1,8.7,11.49,204,5,7
Mercedes-Benz,CLA 250 4MATIC Coupe,Compact,2.0,4,automated manual,premium petrol,9.3,6.9,8.2,12.2,193,6,6
Mercedes-Benz,CLE 300 4MATIC Cabriolet,Subcompact,2.0,4,automatic,premium petrol,10.4,7.4,9.1,10.99,211,5,7
Mercedes-Benz,CLE 300 4MATIC Coupe,Subcompact,2.0,4,automatic,premium petrol,9.8,7.1,8.6,11.63,201,6,7
Mercedes-Benz,CLE 450 4MATIC Cabriolet,Subcompact,3.0,6,automatic,premium petrol,10.2,7.4,8.9,11.24,210,5,6
Mercedes-Benz,CLE 450 4MATIC Coupe,Subcompact,3.0,6,automatic,premium petrol,10.4,7.1,9.0,11.11,211,5,6
Mercedes-Benz,E 350 4MATIC Sedan,Mid-size,2.0,4,automatic,premium petrol,10.0,7.2,8.7,11.49,203,5,7
Mercedes-Benz,E 450 4MATIC Sedan,Mid-size,3.0,6,automatic,premium petrol,10.8,7.7,9.4,10.64,221,5,6
Mercedes-Benz,G 550 SUV,Sport utility vehicle: Standard,3.0,6,automatic,premium petrol,13.6,12.4,13.1,7.63,305,4,6
Mercedes-Benz,GLA 250 4MATIC SUV,Sport utility vehicle: Small,2.0,4,automated manual,premium petrol,9.4,7.1,8.4,11.9,196,6,6
Mercedes-Benz,GLB 250 4MATIC SUV,Sport utility vehicle: Small,2.0,4,automated manual,premium petrol,9.8,7.2,8.6,11.63,201,5,6
Mercedes-Benz,GLC 300 4MATIC SUV,Sport utility vehicle: Small,2.0,4,automatic,premium petrol,10.0,7.6,8.9,11.24,210,5,6
Mercedes-Benz,GLC 300 4MATIC Coupe,Sport utility vehicle: Small,2.0,4,automatic,premium petrol,10.1,7.7,9.0,11.11,210,5,6
Mercedes-Benz,GLE 350 4MATIC SUV,Sport utility vehicle: Standard,2.0,4,automatic,premium petrol,12.2,9.2,10.8,9.26,255,5,6
Mercedes-Benz,GLE 450 4MATIC SUV,Sport utility vehicle: Standard,3.0,6,automatic,premium petrol,12.5,9.6,11.2,8.93,264,4,6
Mercedes-Benz,GLE 450 4MATIC Coupe,Sport utility vehicle: Standard,3.0,6,automatic,premium petrol,12.5,9.6,11.2,8.93,264,4,6
Mercedes-Benz,GLS 450 4MATIC SUV,Sport utility vehicle: Standard,3.0,6,automatic,premium petrol,12.7,9.6,11.3,8.85,266,4,6
Mercedes-Benz,GLS 580 4MATIC SUV,Sport utility vehicle: Standard,4.0,8,automatic,premium petrol,16.6,12.1,14.6,6.85,340,3,4
Mercedes-Benz,GLS 600 4MATIC Maybach SUV,Sport utility vehicle: Standard,4.0,8,automatic,premium petrol,17.9,12.9,15.6,6.41,365,2,4
Mercedes-Benz,Maybach S 580 4MATIC Sedan,Full-size,4.0,8,automatic,premium petrol,14.6,8.8,12.0,8.33,280,4,4
Mercedes-Benz,Maybach S 680 4MATIC Sedan,Full-size,6.0,12,automatic,premium petrol,19.8,11.6,16.1,6.21,375,2,2
Mercedes-Benz,S 500 4MATIC Sedan,Full-size,3.0,6,automatic,premium petrol,11.2,7.7,9.6,10.42,226,5,6
Mercedes-Benz,S 580 4MATIC Sedan,Full-size,4.0,8,automatic,premium petrol,14.1,9.4,12.0,8.33,278,4,4
MINI,Cooper 3 Door,Subcompact,2.0,4,automated manual,premium petrol,8.5,6.0,7.4,13.51,171,6,6
MINI,Cooper 5 Door,Compact,2.0,4,automated manual,premium petrol,8.5,6.0,7.4,13.51,171,6,6
MINI,Cooper Convertible,Minicompact,2.0,4,automated manual,premium petrol,8.8,6.4,7.7,12.99,179,6,6
MINI,Cooper S 3 Door,Subcompact,2.0,4,automated manual,premium petrol,8.5,6.1,7.4,13.51,171,6,6
MINI,Cooper S 5 Door,Compact,2.0,4,automated manual,premium petrol,8.4,6.1,7.3,13.7,170,6,6
MINI,Cooper S Convertible,Minicompact,2.0,4,automated manual,premium petrol,8.9,6.6,7.9,12.66,181,6,6
MINI,Cooper S Countryman ALL4,Sport utility vehicle: Small,2.0,4,automated manual,premium petrol,9.8,7.3,8.7,11.49,201,6,6
MINI,John Cooper Works 3 Door,Subcompact,2.0,4,automated manual,premium petrol,8.8,6.4,7.7,12.99,179,6,7
MINI,John Cooper Works Convertible,Minicompact,2.0,4,automated manual,premium petrol,9.0,6.6,7.9,12.66,184,6,7
MINI,John Cooper Works Countryman ALL4,Sport utility vehicle: Small,2.0,4,automated manual,premium petrol,10.2,7.9,9.2,10.87,212,5,5
Mitsubishi,Eclipse Cross 4WD,Sport utility vehicle: Small,1.5,4,continuously variable,regular petrol,9.6,8.9,9.3,10.75,216,5,4
Mitsubishi,Outlander 4WD,Sport utility vehicle: Small,2.5,4,continuously variable,regular petrol,9.8,7.9,8.9,11.24,209,5,5
Mitsubishi,RVR,Sport utility vehicle: Small,2.0,4,continuously variable,regular petrol,9.7,7.8,8.9,11.24,207,5,4
Mitsubishi,RVR 4WD,Sport utility vehicle: Small,2.0,4,continuously variable,regular petrol,10.0,8.1,9.1,10.99,213,5,4
Mitsubishi,RVR 4WD,Sport utility vehicle: Small,2.4,4,continuously variable,regular petrol,10.3,8.3,9.4,10.64,218,5,4
Nissan,Altima AWD,Mid-size,2.5,4,continuously variable,regular petrol,9.3,6.9,8.2,12.2,193,6,6
Nissan,Altima AWD SR/Platinum,Mid-size,2.5,4,continuously variable,regular petrol,9.5,7.1,8.4,11.9,198,6,6
Nissan,Armada 4WD,Sport utility vehicle: Standard,3.5,6,automatic with select shift,premium petrol,14.7,12.4,13.7,7.3,323,3,5
Nissan,Armada 4WD PRO-4X,Sport utility vehicle: Standard,3.5,6,automatic with select shift,premium petrol,15.7,12.9,14.4,6.94,339,3,5
Nissan,Frontier,Pickup truck: Standard,3.8,6,automatic with select shift,regular petrol,13.4,9.5,11.6,8.62,274,4,5
Nissan,Frontier 4WD,Pickup truck: Standard,3.8,6,automatic with select shift,regular petrol,13.4,11.0,12.3,8.13,289,4,5
Nissan,Frontier 4WD PRO-4X,Pickup truck: Standard,3.8,6,automatic with select shift,regular petrol,14.3,11.5,13.0,7.69,306,4,5
Nissan,Kicks,Sport utility vehicle: Small,2.0,4,continuously variable,regular petrol,8.1,6.6,7.4,13.51,175,6,6
Nissan,Kicks AWD,Sport utility vehicle: Small,2.0,4,continuously variable,regular petrol,8.4,6.9,7.7,12.99,182,6,6
Nissan,Kicks Play,Mid-size,1.6,4,continuously variable,regular petrol,7.7,6.6,7.2,13.89,169,6,6
Nissan,Murano AWD,Sport utility vehicle: Small,2.0,4,automatic with select shift,regular petrol,10.6,8.6,9.7,10.31,229,5,5
Nissan,Pathfinder 4WD,Sport utility vehicle: Small,3.5,6,automatic with select shift,regular petrol,11.7,9.3,10.6,9.43,248,5,4
Nissan,Pathfinder 4WD Rock Creek,Sport utility vehicle: Standard,3.5,6,automatic with select shift,premium petrol,11.9,10.0,11.1,9.01,260,4,4
Nissan,Rogue,Sport utility vehicle: Small,1.5,3,continuously variable,regular petrol,7.8,6.5,7.2,13.89,169,6,5
Nissan,Rogue AWD,Sport utility vehicle: Small,1.5,3,continuously variable,regular petrol,8.4,6.7,7.6,13.16,179,6,5
Nissan,Sentra,Mid-size,2.0,4,continuously variable,regular petrol,7.3,5.9,6.6,15.15,156,7,6
Nissan,Sentra SR,Mid-size,2.0,4,continuously variable,regular petrol,7.4,6.1,6.9,14.49,161,7,6
Nissan,Sentra,Mid-size,2.0,4,manual,regular petrol,9.4,6.4,8.0,12.5,189,6,6
Nissan,Sentra SR,Mid-size,2.0,4,manual,regular petrol,9.5,6.7,8.2,12.2,194,6,6
Nissan,Versa,Compact,1.6,4,continuously variable,regular petrol,7.5,5.9,6.8,14.71,159,7,6
Nissan,Versa,Compact,1.6,4,manual,regular petrol,8.6,6.7,7.7,12.99,181,6,6
Nissan,Z,Two-seater,3.0,6,automatic with select shift,premium petrol,12.3,8.6,10.6,9.43,250,5,4
Nissan,Z,Two-seater,3.0,6,manual,premium petrol,13.4,10.0,11.9,8.4,280,4,4
Nissan,Z NISMO,Two-seater,3.0,6,automatic with select shift,premium petrol,14.1,9.9,12.2,8.2,287,4,4
Porsche,718 Boxster,Two-seater,2.0,4,automated manual,premium petrol,11.0,8.7,10.0,10.0,233,5,1
Porsche,718 Boxster,Two-seater,2.0,4,manual,premium petrol,12.0,9.5,10.9,9.17,254,5,1
Porsche,718 Boxster S,Two-seater,2.5,4,automated manual,premium petrol,12.2,9.2,10.9,9.17,255,5,1
Porsche,718 Boxster S,Two-seater,2.5,4,manual,premium petrol,12.5,9.6,11.2,8.93,263,4,1
Porsche,718 Boxster GTS,Two-seater,4.0,6,automated manual,premium petrol,12.3,9.8,11.1,9.01,260,4,4
Porsche,718 Boxster GTS,Two-seater,4.0,6,manual,premium petrol,14.0,10.0,12.2,8.2,284,4,4
Porsche,718 Cayman,Two-seater,2.0,4,automated manual,premium petrol,11.0,8.7,10.0,10.0,233,5,1
Porsche,718 Cayman,Two-seater,2.0,4,manual,premium petrol,12.0,9.5,10.9,9.17,254,5,1
Porsche,718 Cayman S,Two-seater,2.5,4,automated manual,premium petrol,12.2,9.2,10.9,9.17,255,5,1
Porsche,718 Cayman S,Two-seater,2.5,4,manual,premium petrol,12.5,9.6,11.2,8.93,263,4,1
Porsche,718 Cayman GTS,Two-seater,4.0,6,automated manual,premium petrol,12.3,9.8,11.1,9.01,260,4,4
Porsche,718 Cayman GTS,Two-seater,4.0,6,manual,premium petrol,14.0,10.0,12.2,8.2,284,4,4
Porsche,718 GT4 RS,Two-seater,4.0,6,automated manual,premium petrol,16.0,12.5,14.4,6.94,338,3,2
Porsche,718 Spyder RS,Two-seater,4.0,6,automated manual,premium petrol,16.5,12.4,14.6,6.85,342,3,2
Porsche,911 Carrera,Minicompact,3.0,6,automated manual,premium petrol,12.9,9.2,11.3,8.85,263,4,4
Porsche,911 Carrera Cabriolet,Minicompact,3.0,6,automated manual,premium petrol,13.0,9.4,11.4,8.77,264,4,4
Porsche,911 Carrera S,Minicompact,3.0,6,automated manual,premium petrol,12.9,9.5,11.4,8.77,268,4,4
Porsche,911 Carrera S Cabriolet,Minicompact,3.0,6,automated manual,premium petrol,13.2,9.4,11.5,8.7,271,4,4
Porsche,911 Carrera T,Minicompact,3.0,6,manual,premium petrol,13.8,9.4,11.8,8.47,278,4,4
Porsche,911 Carrera T Cabriolet,Minicompact,3.0,6,manual,premium petrol,13.9,9.4,11.9,8.4,280,4,4
Porsche,911 Carrera GTS,Minicompact,3.6,6,automated manual,premium petrol,13.2,9.7,11.6,8.62,273,4,5
Porsche,911 Carrera 4 GTS,Minicompact,3.6,6,automated manual,premium petrol,13.8,10.2,12.2,8.2,286,4,5
Porsche,911 Carrera GTS Cabriolet,Minicompact,3.6,6,automated manual,premium petrol,13.7,10.1,12.1,8.26,285,4,5
Porsche,911 Carrera 4 GTS Cabriolet,Minicompact,3.6,6,automated manual,premium petrol,13.5,10.1,12.0,8.33,282,4,5
Porsche,911 GT3,Two-seater,4.0,6,automated manual,premium petrol,16.5,13.4,15.1,6.62,355,3,5
Porsche,911 GT3,Two-seater,4.0,6,manual,premium petrol,16.9,12.7,15.0,6.67,354,3,5
Porsche,911 GT3 RS,Two-seater,4.0,6,automated manual,premium petrol,16.8,13.0,15.1,6.62,354,3,2
Porsche,911 GT3 Touring,Two-seater,4.0,6,automated manual,premium petrol,16.6,13.0,15.0,6.67,353,3,5
Porsche,911 GT3 Touring,Two-seater,4.0,6,manual,premium petrol,17.3,12.7,15.2,6.58,359,2,5
Porsche,911 Targa 4 GTS,Minicompact,3.6,6,automated manual,premium petrol,13.7,10.1,12.1,8.26,283,4,5
Porsche,911 Turbo,Minicompact,3.7,6,automated manual,premium petrol,16.5,11.4,14.2,7.04,332,3,4
Porsche,911 Turbo Cabriolet,Minicompact,3.7,6,automated manual,premium petrol,16.9,11.5,14.5,6.9,339,3,4
Porsche,911 Turbo S,Minicompact,3.7,6,automated manual,premium petrol,16.6,11.8,14.4,6.94,332,3,4
Porsche,911 Turbo S Cabriolet,Minicompact,3.7,6,automated manual,premium petrol,16.7,11.8,14.5,6.9,336,3,4
Porsche,Cayenne,Sport utility vehicle: Standard,3.0,6,automatic with select shift,premium petrol,13.8,10.2,12.2,8.2,291,4,4
Porsche,Cayenne Coupe,Sport utility vehicle: Standard,3.0,6,automatic with select shift,premium petrol,13.8,10.2,12.2,8.2,291,4,4
Porsche,Cayenne GTS,Sport utility vehicle: Standard,4.0,8,automatic with select shift,premium petrol,15.0,10.8,13.1,7.63,310,4,4
Porsche,Cayenne GTS Coupe,Sport utility vehicle: Standard,4.0,8,automatic with select shift,premium petrol,14.7,10.4,12.7,7.87,301,4,4
Porsche,Cayenne S,Sport utility vehicle: Standard,4.0,8,automatic with select shift,premium petrol,15.3,11.2,13.5,7.41,324,3,4
Porsche,Cayenne S Coupe,Sport utility vehicle: Standard,4.0,8,automatic with select shift,premium petrol,15.7,11.0,13.6,7.35,324,3,4
Porsche,Cayenne Turbo GT Coupe,Sport utility vehicle: Standard,4.0,8,automatic with select shift,premium petrol,15.5,11.8,13.8,7.25,324,3,2
Porsche,Macan,Sport utility vehicle: Small,2.0,4,automated manual,premium petrol,12.4,9.3,11.0,9.09,263,4,4
Porsche,Macan T,Sport utility vehicle: Small,2.0,4,automated manual,premium petrol,12.2,9.6,11.0,9.09,259,4,4
Porsche,Macan S,Sport utility vehicle: Small,2.9,6,automated manual,premium petrol,13.8,10.1,12.2,8.2,289,4,4
Porsche,Macan GTS,Sport utility vehicle: Small,2.9,6,automated manual,premium petrol,13.5,10.7,12.2,8.2,290,4,4
Porsche,Panamera,Full-size,2.9,6,automated manual,premium petrol,13.1,9.4,11.4,8.77,268,4,4
Porsche,Panamera 4,Full-size,2.9,6,automated manual,premium petrol,13.1,9.4,11.4,8.77,264,4,4
Porsche,Panamera GTS,Full-size,4.0,8,automated manual,premium petrol,14.7,9.8,12.5,8.0,295,4,4
Ram,1500,Pickup truck: Standard,3.0,6,automatic,regular petrol,13.1,9.4,11.5,8.7,269,4,6
Ram,1500 eTorque,Pickup truck: Standard,3.6,6,automatic,regular petrol,11.9,9.4,10.8,9.26,253,5,6
Ram,1500 4X4,Pickup truck: Standard,3.0,6,automatic,regular petrol,14.0,9.8,12.1,8.26,284,4,6
Ram,1500 4X4 eTorque,Pickup truck: Standard,3.6,6,automatic,regular petrol,12.2,9.7,11.0,9.09,259,4,6
Ram,1500 4X4 HO,Pickup truck: Standard,3.0,6,automatic,premium petrol,15.7,11.5,13.8,7.25,324,3,6
Ram,1500 4X4 RHO,Pickup truck: Standard,3.0,6,automatic,premium petrol,16.7,14.9,15.9,6.29,374,2,6
Rolls-Royce,Cullinan,Sport utility vehicle: Standard,6.7,12,automatic with select shift,premium petrol,19.7,12.4,16.4,6.1,379,2,2
Rolls-Royce,Black Badge Cullinan,Sport utility vehicle: Standard,6.7,12,automatic with select shift,premium petrol,19.7,12.4,16.4,6.1,379,2,2
Rolls-Royce,Ghost,Full-size,6.7,12,automatic with select shift,premium petrol,19.7,12.4,16.4,6.1,379,2,2
Rolls-Royce,Black Badge Ghost,Full-size,6.7,12,automatic with select shift,premium petrol,19.7,12.4,16.4,6.1,379,2,2
Rolls-Royce,Ghost Extended,Full-size,6.7,12,automatic with select shift,premium petrol,19.7,12.4,16.4,6.1,379,2,2
Rolls-Royce,Phantom,Full-size,6.7,12,automatic with select shift,premium petrol,19.7,12.4,16.4,6.1,379,2,2
Rolls-Royce,Phantom Extended,Full-size,6.7,12,automatic with select shift,premium petrol,19.7,12.4,16.4,6.1,379,2,2
Subaru,Ascent AWD,Sport utility vehicle: Standard,2.4,4,continuously variable,regular petrol,12.3,9.4,11.0,9.09,257,5,4
Subaru,BRZ,Minicompact,2.4,4,automatic with select shift,premium petrol,11.1,7.8,9.6,10.42,225,5,2
Subaru,BRZ,Minicompact,2.4,4,manual,premium petrol,12.0,8.8,10.5,9.52,247,5,2
Subaru,Crosstrek AWD,Sport utility vehicle: Small,2.0,4,continuously variable,regular petrol,8.8,7.0,8.0,12.5,188,6,6
Subaru,Crosstrek AWD,Sport utility vehicle: Small,2.5,4,continuously variable,regular petrol,8.9,7.2,8.1,12.35,190,6,6
Subaru,Crosstrek Wilderness AWD,Sport utility vehicle: Small,2.5,4,continuously variable,regular petrol,9.4,8.1,8.8,11.36,206,5,6
Subaru,Forester AWD,Sport utility vehicle: Small,2.5,4,continuously variable,regular petrol,9.1,7.2,8.3,12.05,194,6,6
Subaru,Forester Wilderness AWD,Sport utility vehicle: Small,2.5,4,continuously variable,regular petrol,9.5,8.3,9.0,11.11,210,5,6
Subaru,Forester e-BOXER Hybrid AWD,Sport utility vehicle: Small,2.5,4,continuously variable,regular petrol,6.8,7.0,6.9,14.49,161,7,7
Subaru,Impreza AWD,Station wagon: Small,2.0,4,continuously variable,regular petrol,8.8,6.9,8.0,12.5,185,6,6
Subaru,Impreza AWD,Station wagon: Small,2.5,4,continuously variable,regular petrol,9.0,7.2,8.2,12.2,191,6,6
Subaru,Outback AWD,Sport utility vehicle: Small,2.4,4,continuously variable,regular petrol,10.6,8.1,9.5,10.53,221,5,5
Subaru,Outback AWD,Sport utility vehicle: Small,2.5,4,continuously variable,regular petrol,9.2,7.3,8.3,12.05,195,6,6
Subaru,Outback Wilderness AWD,Sport utility vehicle: Small,2.4,4,continuously variable,regular petrol,11.0,9.0,10.1,9.9,235,5,5
Subaru,WRX AWD,Mid-size,2.4,4,continuously variable,premium petrol,12.7,9.4,11.2,8.93,262,4,2
Subaru,WRX AWD,Mid-size,2.4,4,manual,premium petrol,12.4,9.0,10.9,9.17,255,5,2
Toyota,4Runner 4WD (Part-Time 4WD),Sport utility vehicle: Standard,2.4,4,automatic with select shift,regular petrol,12.4,9.6,11.2,8.93,262,4,6
Toyota,4Runner 4WD Limited,Sport utility vehicle: Standard,2.4,4,automatic with select shift,regular petrol,12.0,9.9,11.1,9.01,258,4,6
Toyota,4Runner Hybrid 4WD (Part-Time 4WD),Sport utility vehicle: Standard,2.4,4,automatic with select shift,regular petrol,10.3,9.5,9.9,10.1,232,5,6
Toyota,4Runner Hybrid 4WD Platinum,Sport utility vehicle: Standard,2.4,4,automatic with select shift,regular petrol,10.5,9.7,10.1,9.9,236,5,6
Toyota,Camry,Mid-size,2.5,4,continuously variable,regular petrol,4.9,4.9,4.9,20.41,114,8,6
Toyota,Camry AWD SE/XLE,Mid-size,2.5,4,continuously variable,regular petrol,5.1,5.1,5.1,19.61,117,8,6
Toyota,Camry AWD XSE,Mid-size,2.5,4,continuously variable,regular petrol,5.3,5.5,5.3,18.87,124,8,6
Toyota,Corolla (1-mode),Compact,2.0,4,continuously variable,regular petrol,7.4,5.7,6.7,14.93,158,7,6
Toyota,Corolla (3-mode),Compact,2.0,4,continuously variable,regular petrol,7.6,5.9,6.8,14.71,160,7,6
Toyota,Corolla Hatchback,Compact,2.0,4,continuously variable,regular petrol,7.5,5.9,6.8,14.71,159,7,6
Toyota,Corolla Hybrid,Compact,1.8,4,continuously variable,regular petrol,4.4,5.1,4.7,21.28,110,8,6
Toyota,Corolla Hybrid AWD (2-mode),Compact,1.8,4,continuously variable,regular petrol,4.6,5.3,4.9,20.41,115,8,6
Toyota,Corolla Hybrid AWD (3-mode),Compact,1.8,4,continuously variable,regular petrol,5.0,5.7,5.3,18.87,124,8,6
Toyota,Corolla Cross,Sport utility vehicle: Small,2.0,4,continuously variable,regular petrol,7.6,7.2,7.4,13.51,172,6,6
Toyota,Corolla Cross AWD,Sport utility vehicle: Small,2.0,4,continuously variable,regular petrol,8.1,7.5,7.8,12.82,183,6,6
Toyota,Corolla Cross Hybrid AWD,Sport utility vehicle: Small,2.0,4,continuously variable,regular petrol,5.2,6.2,5.6,17.86,130,7,6
Toyota,Crown AWD,Mid-size,2.4,4,automatic with select shift,regular petrol,8.1,7.3,7.8,12.82,182,6,6
Toyota,Crown AWD,Mid-size,2.5,4,continuously variable,regular petrol,5.6,5.7,5.7,17.54,133,7,6
Toyota,Crown Signia AWD,Station wagon: Small,2.5,4,continuously variable,regular petrol,6.0,6.3,6.2,16.13,143,7,6
Toyota,GR Corolla,Subcompact,1.6,3,automatic with select shift,premium petrol,12.1,8.6,10.5,9.52,245,5,4
Toyota,GR Corolla,Subcompact,1.6,3,manual,premium petrol,11.1,8.3,9.8,10.2,229,5,4
Toyota,GR Supra 3.0,Two-seater,3.0,6,automatic with select shift,premium petrol,10.2,7.7,9.1,10.99,212,5,4
Toyota,GR Supra 3.0,Two-seater,3.0,6,manual,premium petrol,12.7,8.8,10.9,9.17,255,5,4
Toyota,GR86,Minicompact,2.4,4,automatic with select shift,premium petrol,11.2,7.8,9.7,10.31,227,5,2
Toyota,GR86,Minicompact,2.4,4,manual,premium petrol,12.0,8.9,10.6,9.43,250,5,2
Toyota,Grand Highlander AWD Limited,Sport utility vehicle: Standard,2.4,4,automatic with select shift,regular petrol,11.6,9.0,10.7,9.35,249,5,6
Toyota,Grand Highlander AWD XLE,Sport utility vehicle: Standard,2.4,4,automatic with select shift,regular petrol,11.2,8.6,10.0,10.0,236,5,6
Toyota,Grand Highlander Hybrid AWD,Sport utility vehicle: Standard,2.5,4,continuously variable,regular petrol,6.6,7.4,7.0,14.29,161,7,6
Toyota,Grand Highlander Hybrid MAX AWD,Sport utility vehicle: Standard,2.4,4,continuously variable,regular petrol,9.0,8.6,8.8,11.36,206,5,6
Toyota,Highlander AWD,Sport utility vehicle: Small,2.4,4,automatic with select shift,regular petrol,11.0,8.4,9.9,10.1,231,5,6
Toyota,Highlander Hybrid AWD,Sport utility vehicle: Standard,2.5,4,continuously variable,regular petrol,6.7,6.8,6.7,14.93,158,7,6
Toyota,Highlander Hybrid AWD Limited/Platinum,Sport utility vehicle: Standard,2.5,4,continuously variable,regular petrol,6.6,6.8,6.7,14.93,156,7,6
Toyota,Land Cruiser,Sport utility vehicle: Standard,2.4,4,automatic with select shift,premium petrol,10.7,9.5,10.1,9.9,236,5,5
Toyota,Prius AWD,Mid-size,2.0,4,continuously variable,regular petrol,4.8,4.7,4.8,20.83,111,8,6
Toyota,RAV4 AWD,Sport utility vehicle: Small,2.5,4,automatic with select shift,regular petrol,9.5,7.2,8.5,11.76,198,6,5
Toyota,RAV4 AWD (Stop/Start),Sport utility vehicle: Small,2.5,4,automatic with select shift,regular petrol,8.8,7.1,8.0,12.5,187,6,5
Toyota,RAV4 AWD LE,Sport utility vehicle: Small,2.5,4,automatic with select shift,regular petrol,8.7,6.9,7.9,12.66,184,6,5
Toyota,RAV4 Hybrid AWD,Sport utility vehicle: Small,2.5,4,continuously variable,regular petrol,5.8,6.3,6.0,16.67,140,7,6
Toyota,RAV4 Hybrid AWD Woodland Edition,Sport utility vehicle: Small,2.5,4,continuously variable,regular petrol,6.1,6.8,6.4,15.62,149,7,6
Toyota,Sequoia 4WD,Sport utility vehicle: Standard,3.4,6,automatic with select shift,regular petrol,12.6,10.5,11.7,8.55,273,4,4
Toyota,Sienna,Minivan,2.5,4,continuously variable,regular petrol,6.6,6.5,6.6,15.15,153,7,6
Toyota,Sienna AWD,Minivan,2.5,4,continuously variable,regular petrol,6.8,6.7,6.8,14.71,158,7,6
Toyota,Tacoma 4WD (2-mode),Pickup truck: Small,2.4,4,automatic with select shift,regular petrol,12.5,9.6,11.2,8.93,264,4,6
Toyota,Tacoma 4WD (3-mode),Pickup truck: Small,2.4,4,automatic with select shift,regular petrol,12.4,10.2,11.4,8.77,269,4,6
Toyota,Tacoma 4WD,Pickup truck: Small,2.4,4,manual,regular petrol,13.2,10.3,11.9,8.4,279,4,4
Toyota,Tacoma Hybrid 4WD,Pickup truck: Standard,2.4,4,automatic with select shift,regular petrol,10.5,9.9,10.3,9.71,239,5,6
Toyota,Tacoma Hybrid 4WD Limited,Pickup truck: Standard,2.4,4,automatic with select shift,regular petrol,10.5,9.7,10.1,9.9,236,5,6
Toyota,Tundra,Pickup truck: Standard,3.4,6,automatic with select shift,regular petrol,13.3,10.5,12.0,8.33,283,4,4
Toyota,Tundra 4WD (1-mode),Pickup truck: Standard,3.4,6,automatic with select shift,regular petrol,13.7,10.8,12.4,8.06,291,4,4
Toyota,Tundra 4WD (3-mode)/TRD,Pickup truck: Standard,3.4,6,automatic with select shift,regular petrol,13.5,10.6,12.2,8.2,286,4,4
Toyota,Tundra Hybrid 4WD,Pickup truck: Standard,3.4,6,automatic with select shift,regular petrol,12.7,10.5,11.7,8.55,274,4,4
Toyota,Tundra Hybrid 4WD TRD PRO,Pickup truck: Standard,3.4,6,automatic with select shift,regular petrol,12.9,11.6,12.3,8.13,287,4,4
Volkswagen,Atlas 4MOTION Comfortline,Sport utility vehicle: Small,2.0,4,automatic with select shift,regular petrol,12.7,9.2,11.1,9.01,262,4,4
Volkswagen,Atlas 4MOTION Highline/Execline,Sport utility vehicle: Small,2.0,4,automatic with select shift,regular petrol,12.8,9.4,11.3,8.85,266,4,4
Volkswagen,Atlas 4MOTION Peak Edition,Sport utility vehicle: Small,2.0,4,automatic with select shift,regular petrol,13.2,9.4,11.5,8.7,271,4,4
Volkswagen,Atlas Cross Sport 4MOTION,Sport utility vehicle: Small,2.0,4,automatic with select shift,regular petrol,12.7,9.2,11.1,9.01,262,4,4
Volkswagen,Golf GTI,Compact,2.0,4,automated manual,regular petrol,9.9,7.4,8.8,11.36,205,5,4
Volkswagen,Golf R,Compact,2.0,4,automated manual,premium petrol,10.5,7.7,9.3,10.75,217,5,4
Volkswagen,Jetta,Compact,1.5,4,automatic with select shift,regular petrol,8.4,6.1,7.4,13.51,174,6,6
Volkswagen,Jetta GLI,Compact,2.0,4,automated manual,regular petrol,9.5,6.7,8.2,12.2,194,6,6
Volkswagen,Jetta GLI,Compact,2.0,4,manual,regular petrol,9.1,6.5,8.0,12.5,187,6,6
Volkswagen,Taos,Sport utility vehicle: Small,1.5,4,automatic with select shift,regular petrol,8.4,6.5,7.6,13.16,178,6,7
Volkswagen,Taos 4MOTION,Sport utility vehicle: Small,1.5,4,automatic with select shift,regular petrol,9.4,7.2,8.4,11.9,198,6,7
Volkswagen,Tiguan 4MOTION,Sport utility vehicle: Small,2.0,4,automatic with select shift,regular petrol,10.5,7.8,9.3,10.75,218,5,6
Volvo,S60 B5 AWD,Compact,2.0,4,automatic with select shift,premium petrol,9.3,7.0,8.3,12.05,194,6,4
Volvo,S90 B6 AWD,Mid-size,2.0,4,automatic with select shift,premium petrol,10.6,7.6,9.2,10.87,216,5,6
Volvo,V60 CC B5 AWD,Station wagon: Small,2.0,4,automatic with select shift,premium petrol,9.7,7.5,8.7,11.49,205,5,4
Volvo,V90 CC B6 AWD,Station wagon: Mid-size,2.0,4,automatic with select shift,premium petrol,10.7,8.1,9.5,10.53,223,5,6
Volvo,XC40 B5 AWD,Sport utility vehicle: Small,2.0,4,automatic with select shift,premium petrol,10.1,7.8,9.1,10.99,213,5,4
Volvo,XC60 B5 AWD,Sport utility vehicle: Small,2.0,4,automatic with select shift,premium petrol,10.0,7.8,9.0,11.11,212,5,6
Volvo,XC90 B6 AWD,Sport utility vehicle: Standard,2.0,4,automatic with select shift,premium petrol,11.5,9.0,10.4,9.62,244,5,6
