date,year,month,weekday,weekend,holiday,school_holiday,temp_mean,temp_max,rain_duration_min,solar_radiation,pressure,bikes_total,langstrasse_underpass_north,langstrasse_underpass_south,hardbruecke_south,limmatquai_central,bertastrasse,muehlebachstrasse,mythenquai,bucheggplatz,hardbruecke_north,lux_guyer_weg,langstrasse_road_north,hofwiesenstrasse,langstrasse_road_south,militaerbruecke,tannenrauchstrasse,toedistrasse
2024-01-01,2024,1,Monday,0,1,1,6.3,8.3,64.7,43.8,963.3,6123,970,694,739,694,516,363,370,254,289,232,285,187,279,125,79,47
2024-01-02,2024,1,Tuesday,0,1,1,7.5,9.4,421.6,16.0,957.7,6633,1005,856,748,720,644,430,319,253,284,198,314,227,270,218,99,48
2024-01-03,2024,1,Wednesday,0,0,1,10.9,13.4,209.6,46.8,954.5,14210,2103,1804,1522,1291,1113,972,654,776,712,490,597,566,544,578,291,197
2024-01-04,2024,1,Thursday,0,0,1,8.0,9.5,238.7,46.0,959.3,15750,2269,2019,1620,1559,1129,1118,731,878,757,561,762,651,595,578,308,215
2024-01-05,2024,1,Friday,0,0,1,6.6,7.4,655.8,13.8,954.8,13254,1992,1731,1398,1332,1139,895,557,686,555,409,628,511,534,454,259,174
2024-01-06,2024,1,Saturday,1,0,1,4.9,6.6,1354.7,8.1,957.4,7799,1258,1111,816,910,818,407,220,298,344,199,407,219,381,242,132,37
2024-01-07,2024,1,Sunday,1,0,1,3.2,4.5,820.2,17.4,961.4,5766,920,772,694,595,561,310,180,256,314,156,293,192,268,126,90,39
2024-01-08,2024,1,Monday,0,0,0,-1.4,0.7,0.0,10.8,967.9,14432,2126,1727,1570,1260,1019,1053,608,850,664,452,639,642,644,563,387,228
2024-01-09,2024,1,Tuesday,0,0,0,-2.4,-1.1,3.9,14.3,971.5,17655,2427,2232,1935,1649,1286,1361,759,1000,857,593,826,780,698,601,397,254
2024-01-10,2024,1,Wednesday,0,0,0,-1.5,-0.1,0.0,28.6,973.0,12894,1736,1632,1395,1351,1028,954,538,721,611,341,643,513,578,429,293,131
2024-01-11,2024,1,Thursday,0,0,0,-1.1,-0.3,0.0,11.6,975.0,16382,2320,2029,1687,1552,1256,1262,681,964,737,519,755,712,701,610,379,218
2024-01-12,2024,1,Friday,0,0,0,-1.4,-0.8,0.0,26.0,977.1,15308,2238,2016,1574,1597,1199,1129,593,828,646,419,749,627,654,554,293,192
2024-01-13,2024,1,Saturday,1,0,0,-1.5,-0.5,0.0,33.6,972.8,9522,1485,1283,988,1172,940,560,355,391,397,270,439,285,440,291,174,52
2024-01-14,2024,1,Sunday,1,0,0,-0.6,2.2,41.7,69.6,962.1,7720,1240,902,851,881,704,457,384,389,398,236,390,259,285,187,106,51
2024-01-15,2024,1,Monday,0,0,0,1.5,2.9,0.0,16.0,957.2,18055,2515,2175,1904,1693,1264,1484,819,1053,845,647,802,816,675,630,469,264
2024-01-16,2024,1,Tuesday,0,0,0,0.6,2.8,128.9,73.5,958.8,21463,3182,2764,2262,1912,1487,1672,992,1209,1050,799,932,954,807,678,468,295
2024-01-17,2024,1,Wednesday,0,0,0,5.9,10.4,952.1,18.4,945.8,12806,1936,1682,1324,1267,1086,899,469,676,615,383,591,492,487,487,279,133
2024-01-18,2024,1,Thursday,0,0,0,7.6,12.0,529.2,26.2,947.0,16588,2453,2116,1807,1551,1289,1189,637,913,823,516,768,732,635,614,355,190
2024-01-19,2024,1,Friday,0,0,0,-0.7,0.6,92.8,79.3,968.4,10947,1655,1432,1092,1180,929,630,397,553,480,282,641,364,617,389,214,92
2024-01-20,2024,1,Saturday,1,0,0,-2.8,-0.6,0.0,113.6,977.0,7848,1197,1057,789,1064,793,348,235,295,361,193,463,218,404,276,111,44
2024-01-21,2024,1,Sunday,1,0,0,-0.7,4.2,0.0,71.1,978.8,6573,935,730,744,836,651,356,273,276,357,198,375,199,312,172,110,49
2024-01-22,2024,1,Monday,0,0,0,5.0,8.7,357.1,35.9,973.4,14595,2046,1681,1500,1454,1113,1139,598,898,696,514,668,553,640,544,360,191
2024-01-23,2024,1,Tuesday,0,0,0,7.9,9.2,77.5,57.9,979.8,21089,3054,2615,2182,1825,1464,1722,929,1326,1045,751,936,904,791,760,473,312
2024-01-24,2024,1,Wednesday,0,0,0,11.8,13.9,301.2,20.1,979.1,21282,2964,2589,2317,2041,1564,1608,956,1290,1036,776,964,842,808,778,451,298
2024-01-25,2024,1,Thursday,0,0,0,11.4,12.7,506.3,40.3,979.0,19597,2929,2454,2114,1873,1410,1451,836,1134,923,673,889,777,776,702,414,242
2024-01-26,2024,1,Friday,0,0,0,10.2,11.2,283.1,30.9,979.1,18696,2830,2427,1820,1796,1536,1339,790,1064,826,599,861,737,725,667,442,237
2024-01-27,2024,1,Saturday,1,0,0,6.8,9.5,0.0,77.7,983.0,15124,2413,2115,1552,1629,1293,809,839,677,616,467,696,531,666,473,227,121
2024-01-28,2024,1,Sunday,1,0,0,4.0,7.0,0.0,58.7,981.1,10926,1546,1250,1301,1031,988,663,759,576,583,357,479,391,431,272,186,113
2024-01-30,2024,1,Tuesday,0,0,0,5.4,11.1,0.0,89.3,981.4,25349,3578,3126,2610,2146,1769,2076,1247,1583,1215,967,1075,1094,926,851,702,384
2024-01-31,2024,1,Wednesday,0,0,0,7.0,11.1,0.0,75.9,982.1,25964,3734,3192,2863,2123,1851,1958,1366,1549,1206,939,1114,1115,977,872,736,369
2024-02-01,2024,2,Thursday,0,0,0,7.4,8.8,295.9,10.0,980.6,21703,3169,2605,2324,1853,1561,1751,966,1314,1034,757,951,974,795,769,582,298
2024-02-02,2024,2,Friday,0,0,0,8.1,9.8,0.0,54.2,982.3,22424,3325,3037,2321,1898,1847,1671,946,1237,1018,739,1016,907,906,723,576,257
2024-02-03,2024,2,Saturday,1,0,0,7.4,12.5,0.0,105.2,979.6,17870,2740,2467,1892,1468,1586,995,1136,849,808,616,801,603,793,611,364,141
2024-02-04,2024,2,Sunday,1,0,0,6.4,8.1,0.0,90.9,978.5,12309,1765,1478,1368,1131,1122,748,826,652,608,521,551,423,480,230,285,121
2024-02-05,2024,2,Monday,0,0,0,4.9,6.3,0.0,90.3,975.5,24231,3391,2936,2541,1965,1637,1955,1251,1545,1166,989,1030,1056,832,846,709,382
2024-02-06,2024,2,Tuesday,0,0,0,5.3,9.2,0.0,99.9,970.9,26094,3666,3114,2824,2124,1813,2071,1296,1668,1344,1029,1138,1158,926,831,741,351
2024-02-07,2024,2,Wednesday,0,0,0,7.9,10.5,355.8,65.0,963.0,23877,3387,2941,2619,1994,1775,1891,1147,1444,1142,878,994,1018,787,809,727,324
2024-02-08,2024,2,Thursday,0,0,0,9.8,12.0,338.5,42.7,954.5,22923,3367,2880,2495,1850,1694,1784,1039,1375,1105,753,997,961,877,756,675,315
2024-02-09,2024,2,Friday,0,0,0,10.4,11.4,445.4,22.6,944.0,18717,2834,2373,2034,1651,1493,1307,771,972,805,582,914,751,843,647,520,220
2024-02-10,2024,2,Saturday,1,0,1,9.9,11.6,17.8,51.7,937.6,15122,2373,2123,1675,1472,1356,823,681,675,730,469,683,485,665,492,325,95
2024-02-11,2024,2,Sunday,1,0,1,7.6,9.9,315.2,65.4,946.8,10164,1627,1311,1200,837,898,627,489,507,558,394,453,352,387,262,183,79
2024-02-12,2024,2,Monday,0,0,1,7.7,8.7,13.4,51.1,956.8,19304,2755,2348,2048,1719,1285,1521,949,1104,1013,705,847,854,714,633,511,298
2024-02-13,2024,2,Tuesday,0,0,1,7.9,11.0,0.0,122.6,969.1,23610,3364,2898,2598,1848,1643,1830,1248,1426,1146,855,1069,1055,871,776,635,348
2024-02-14,2024,2,Wednesday,0,0,1,8.8,12.7,30.8,85.6,972.5,22650,3252,2857,2481,1775,1633,1790,1132,1257,1133,814,1039,963,822,767,622,313
2024-02-15,2024,2,Thursday,0,0,1,9.6,14.0,0.0,103.9,968.9,23586,3401,3018,2566,1829,1689,1764,1208,1352,1138,885,1068,1004,918,850,585,311
2024-02-16,2024,2,Friday,0,0,1,11.6,15.6,0.0,80.8,968.5,21028,3157,2820,2286,1784,1659,1426,1032,1099,957,750,933,780,850,761,502,232
2024-02-17,2024,2,Saturday,1,0,1,11.4,12.0,192.5,30.6,978.7,11513,1844,1650,1198,1172,1029,612,453,458,539,315,587,384,588,387,233,64
2024-02-18,2024,2,Sunday,1,0,1,10.3,12.6,156.2,67.2,979.5,10927,1699,1390,1283,773,918,680,724,541,597,421,477,379,435,293,237,80
2024-02-19,2024,2,Monday,0,0,1,9.9,11.4,386.2,59.8,978.2,18517,2719,2449,1927,1557,1277,1456,798,1096,951,693,842,785,671,659,421,216
2024-02-20,2024,2,Tuesday,0,0,1,8.4,10.2,73.1,94.6,978.1,22962,3267,2819,2536,1772,1630,1733,1107,1422,1200,861,1002,1038,913,798,557,307
2024-02-21,2024,2,Wednesday,0,0,1,8.5,12.0,0.0,109.1,970.3,24198,3363,2970,2553,1983,1706,1879,1240,1460,1259,906,1131,1059,946,843,572,328
2024-02-22,2024,2,Thursday,0,0,1,9.9,11.6,1113.1,16.7,953.0,12335,1828,1558,1320,1125,930,825,444,726,617,384,641,512,554,442,278,151
2024-02-23,2024,2,Friday,0,0,1,6.6,8.0,27.9,81.0,949.2,20482,3109,2706,2179,1771,1552,1462,908,1058,982,778,933,808,837,729,468,202
2024-02-24,2024,2,Saturday,1,0,1,6.5,9.0,18.0,98.7,953.7,15388,2420,2211,1662,1414,1329,952,663,646,715,537,743,495,702,490,301,108
2024-02-25,2024,2,Sunday,1,0,1,7.1,11.4,9.4,152.3,953.4,14362,2012,1541,1768,1168,1214,890,1217,752,746,629,623,514,543,284,315,146
2024-02-26,2024,2,Monday,0,0,0,8.8,11.2,0.0,64.6,949.2,26192,3535,3095,2678,1930,1779,2089,1511,1673,1317,1022,1187,1201,1026,926,792,431
2024-02-27,2024,2,Tuesday,0,0,0,8.2,9.6,111.0,76.9,958.9,27065,3721,3133,2922,2081,1849,2200,1346,1758,1311,1045,1222,1281,1084,979,756,377
2024-02-28,2024,2,Wednesday,0,0,0,8.4,9.3,6.7,37.0,967.9,28610,4088,3547,3173,2120,2021,2174,1421,1723,1458,1061,1203,1328,1074,1027,810,382
2024-03-02,2024,3,Saturday,1,0,0,8.3,11.6,0.0,107.2,953.0,19194,2984,2633,2028,1680,1569,1159,1193,865,757,688,877,649,801,744,427,140
2024-03-03,2024,3,Sunday,1,0,0,10.2,16.6,0.0,81.0,948.2,15264,2170,1868,1714,1268,1333,976,1158,734,797,653,615,500,585,362,410,121
2024-03-04,2024,3,Monday,0,0,0,8.1,9.9,0.0,79.7,959.2,27260,3714,3183,2929,2169,1834,2215,1520,1749,1323,1005,1177,1271,1020,908,815,428
2024-03-05,2024,3,Tuesday,0,0,0,7.6,8.3,274.9,44.7,964.3,23070,3257,2799,2519,1852,1686,1846,1059,1508,1158,862,954,1006,859,823,600,282
2024-03-06,2024,3,Wednesday,0,0,0,4.3,5.3,1421.6,28.4,969.5,16250,2328,1929,1802,1386,1242,1201,689,1075,847,489,748,736,632,505,471,170
2024-03-07,2024,3,Thursday,0,0,0,5.4,6.4,0.0,37.8,967.1,26762,3687,3239,2754,2124,1886,2089,1494,1706,1267,982,1216,1237,1017,922,756,386
2024-03-08,2024,3,Friday,0,0,0,5.2,7.4,0.0,150.3,958.6,25955,3751,3385,2638,2150,2025,1972,1354,1441,1172,871,1191,1066,1076,935,621,307
2024-03-09,2024,3,Saturday,1,0,0,9.7,15.2,0.0,149.3,950.5,20502,3113,2695,2152,1924,1828,1214,1419,988,888,755,847,677,815,598,440,149
2024-03-10,2024,3,Sunday,1,0,0,10.0,14.1,345.0,53.6,945.2,10274,1504,1247,1154,937,905,659,659,514,561,360,455,353,433,210,259,64
2024-03-11,2024,3,Monday,0,0,0,8.8,12.6,2.4,169.5,956.2,28250,3767,3389,2877,2147,1995,2292,1588,1805,1395,1161,1251,1348,976,1053,783,423
2024-03-12,2024,3,Tuesday,0,0,0,8.2,9.3,330.2,42.9,967.1,25321,3594,3046,2732,1990,1854,1999,1244,1553,1286,932,1136,1150,940,891,661,313
2024-03-13,2024,3,Wednesday,0,0,0,8.5,10.6,823.4,60.3,968.2,18902,2748,2312,2148,1610,1447,1372,859,1107,960,578,832,800,817,617,484,211
2024-03-14,2024,3,Thursday,0,0,0,10.5,16.1,0.0,170.8,965.2,32230,4494,3879,3196,2562,2829,2483,1794,1926,1474,1252,1427,1361,1205,1159,807,382
2024-03-15,2024,3,Friday,0,0,0,12.6,16.8,163.7,138.2,965.4,26886,3893,3292,2703,2365,2508,1993,1360,1420,1217,949,1191,1031,1001,986,673,304
2024-03-16,2024,3,Saturday,1,0,0,11.2,13.7,507.3,120.6,970.6,16438,2485,2263,1791,1483,1555,970,856,719,784,495,761,561,746,533,367,69
2024-03-17,2024,3,Sunday,1,0,0,10.6,12.4,88.2,87.5,971.1,14130,1907,1691,1648,1178,1225,964,1102,721,708,535,601,488,510,374,350,128
2024-03-18,2024,3,Monday,0,0,0,10.3,11.5,836.2,40.8,966.8,16328,2161,1817,1597,1375,2197,1198,662,956,720,482,736,676,656,495,415,185
2024-03-19,2024,3,Tuesday,0,0,0,11.2,15.7,36.4,184.7,968.1,32555,4378,3743,3337,2573,2504,2727,1873,2107,1508,1196,1383,1445,1197,1191,931,462
2024-03-20,2024,3,Wednesday,0,0,0,12.5,18.4,0.0,199.0,968.8,37589,4933,4318,3717,2807,4572,2825,2207,2181,1678,1387,1503,1501,1211,1240,956,553
2024-03-21,2024,3,Thursday,0,0,0,13.4,17.5,259.4,107.2,972.7,27186,3728,3315,2827,2147,2575,2066,1232,1552,1341,994,1179,1168,1037,1008,700,317
2024-03-22,2024,3,Friday,0,0,0,13.9,19.2,0.0,186.7,968.8,34672,4713,4164,3525,2886,3027,2587,2043,1921,1607,1400,1700,1369,1224,1170,898,438
2024-03-23,2024,3,Saturday,1,0,0,10.0,13.8,279.9,112.0,962.8,16726,2549,2397,1949,1570,1661,907,686,679,983,485,719,488,700,547,337,69
2024-03-24,2024,3,Sunday,1,0,0,6.2,8.6,550.8,150.9,961.4,11213,1723,1270,1295,978,1147,737,566,568,636,436,498,399,402,268,209,81
2024-03-25,2024,3,Monday,0,0,0,8.2,12.4,86.6,232.7,954.9,31395,4090,3489,3044,2484,3246,2598,1754,1929,1416,1253,1313,1333,1074,1088,827,457
2024-03-26,2024,3,Tuesday,0,0,0,11.6,18.0,0.0,187.4,942.6,35769,4618,4118,3611,2754,3363,2881,2091,2242,1706,1441,1514,1491,1223,1243,972,501
2024-03-27,2024,3,Wednesday,0,0,0,8.7,12.7,0.0,71.7,939.6,26991,3643,3224,2901,2180,2459,2162,1204,1579,1349,1012,1163,1126,1002,962,710,315
2024-03-28,2024,3,Thursday,0,0,0,7.7,12.7,97.8,113.4,946.0,25662,3368,3001,2238,1900,4508,1837,1128,1257,996,830,1069,942,946,875,507,260
2024-03-29,2024,3,Friday,0,1,0,12.6,18.9,0.0,168.3,948.6,16305,2312,1821,1772,1521,1367,1097,1560,758,674,733,677,564,609,339,383,118
2024-03-30,2024,3,Saturday,1,0,0,15.8,20.3,74.8,115.3,948.3,16328,2388,2303,1674,1576,1526,1060,1000,713,737,580,625,514,624,532,370,106
2024-03-31,2024,3,Sunday,1,0,0,13.7,19.4,21.5,164.3,947.0,13159,1704,1472,1346,1423,1131,985,1263,600,631,567,508,417,418,265,303,126
2024-04-01,2024,4,Monday,0,1,0,10.6,13.2,222.2,57.2,951.3,9895,1452,1264,1105,1139,838,707,422,420,498,362,452,307,432,217,220,60
2024-04-02,2024,4,Tuesday,0,0,0,10.6,13.9,32.0,212.6,963.2,31382,4212,3570,3159,2485,2975,2656,1758,1855,1589,1297,1223,1215,1048,1073,830,437
2024-04-03,2024,4,Wednesday,0,0,0,10.3,12.7,171.0,83.0,962.3,28072,3689,3132,2972,2038,3744,2190,1363,1533,1332,988,1129,1016,974,880,720,372
2024-04-04,2024,4,Thursday,0,0,0,13.6,15.8,45.7,95.3,965.8,32607,4520,3845,3433,2530,2963,2576,1818,1881,1516,1255,1390,1200,1132,1199,909,440
2024-04-05,2024,4,Friday,0,0,0,17.1,22.6,0.0,222.1,966.5,37049,5144,4609,3815,2999,3244,2966,2335,1952,1634,1488,1544,1340,1299,1235,957,488
2024-04-06,2024,4,Saturday,1,0,0,18.0,24.8,0.0,226.2,967.6,31895,4584,4016,3330,2594,2824,1987,3082,1411,1361,1255,1298,1065,1185,940,683,280
2024-04-07,2024,4,Sunday,1,0,0,18.4,24.0,0.0,135.9,966.8,23850,3043,2638,2754,1774,1979,1638,2663,1251,1283,1081,881,824,770,496,556,219
2024-04-08,2024,4,Monday,0,0,0,20.2,25.1,0.0,164.4,960.6,37107,4834,4416,3790,2897,2458,3206,2424,2397,1713,1584,1586,1735,1195,1306,1027,539
2024-04-09,2024,4,Tuesday,0,0,0,12.3,22.0,309.8,53.6,966.2,26840,3730,3286,2846,2137,2026,2132,1276,1688,1378,1066,1138,1215,983,914,689,336
2024-04-10,2024,4,Wednesday,0,0,0,9.4,11.4,75.0,123.5,977.1,32449,4457,3881,3314,2460,2890,2555,1749,1911,1591,1196,1346,1416,1269,1168,838,408
2024-04-11,2024,4,Thursday,0,0,0,11.8,16.8,0.0,253.2,981.0,40572,5246,4736,4159,3033,4284,2986,2433,2672,1854,1580,1647,1700,1352,1337,1067,486
2024-04-12,2024,4,Friday,0,0,0,14.9,21.4,0.0,241.2,980.8,38162,5431,4750,4013,2907,3066,2848,2463,2071,1779,1543,1666,1557,1362,1358,877,471
2024-04-13,2024,4,Saturday,1,0,0,17.9,25.2,0.0,260.4,976.8,33126,4697,4320,3718,2698,2785,1968,2937,1466,1418,1326,1421,1097,1205,1048,697,325
2024-04-14,2024,4,Sunday,1,0,0,20.0,26.7,0.0,264.4,971.1,28171,3515,3042,3068,2016,2196,1675,3759,1490,1419,1443,1010,1026,881,646,659,326
2024-04-15,2024,4,Monday,0,0,0,17.1,20.2,162.1,140.5,961.7,21312,3102,2731,2348,1062,1834,1498,1142,1282,1054,1004,1025,897,708,804,568,253
2024-04-16,2024,4,Tuesday,0,0,0,8.8,12.9,408.4,178.0,960.7,27668,3854,3358,2758,2436,2315,2207,1251,1695,1354,1015,1143,1172,1022,1029,714,345
2024-04-17,2024,4,Wednesday,0,0,0,6.3,7.3,446.2,93.0,960.5,22770,3197,2835,2323,1829,2383,1797,899,1328,1046,816,931,935,867,781,537,266
2024-04-18,2024,4,Thursday,0,0,0,4.8,6.5,792.3,82.1,965.5,17409,2391,2179,1758,1572,1783,1248,780,1012,763,542,744,682,685,609,470,191
2024-04-19,2024,4,Friday,0,0,0,5.9,7.2,592.1,92.1,966.5,18435,2444,2230,1685,1649,2262,1325,900,982,794,590,812,671,716,692,466,217
2024-04-20,2024,4,Saturday,1,0,1,5.4,6.8,514.6,112.7,967.7,10078,1517,1455,1029,1053,972,610,409,432,474,286,472,316,439,354,197,63
2024-04-21,2024,4,Sunday,1,0,1,4.1,5.5,307.0,84.3,967.8,7372,1154,977,795,783,700,483,301,294,386,215,313,229,323,229,139,51
2024-04-22,2024,4,Monday,0,0,1,3.9,5.2,173.5,53.1,966.8,18426,2447,2082,1601,1621,3381,1197,687,861,799,526,713,628,677,612,409,185
2024-04-23,2024,4,Tuesday,0,0,1,4.7,6.6,93.7,74.3,964.0,24063,3009,2510,2136,1764,5389,1494,905,1097,1059,771,846,799,817,722,466,279
2024-04-24,2024,4,Wednesday,0,0,1,5.9,8.1,8.3,143.2,960.8,26278,3351,2984,2454,1977,4860,1782,1088,1298,1109,821,1015,959,939,815,534,292
2024-04-25,2024,4,Thursday,0,0,1,6.9,10.7,73.4,191.6,958.3,26988,3763,3061,2577,2212,3846,1855,1237,1412,1193,892,1108,1004,952,927,610,339
2024-04-26,2024,4,Friday,0,0,1,9.8,14.3,0.1,220.1,956.7,28689,3878,3568,2778,2193,4204,1845,1412,1314,1256,914,1229,1031,1219,948,611,289
2024-04-27,2024,4,Saturday,1,0,1,13.8,20.0,0.0,291.8,957.5,25740,3784,3243,2594,2347,2094,1556,2361,1122,1126,997,1126,820,1028,845,487,210
2024-04-28,2024,4,Sunday,1,0,1,13.6,16.7,0.7,180.3,963.3,17175,2282,1875,1888,1644,1375,1213,1588,870,837,689,681,640,614,413,415,151
2024-04-29,2024,4,Monday,0,0,1,15.0,21.3,0.0,252.3,968.5,30263,4021,3477,2813,2411,2843,2319,1897,2031,1422,1221,1184,1260,1116,1100,728,420
2024-04-30,2024,4,Tuesday,0,0,1,18.6,25.3,0.0,270.9,963.4,36223,5056,4370,3813,2782,2889,2675,2385,2181,1626,1491,1555,1547,1285,1302,775,491
2024-05-01,2024,5,Wednesday,0,1,1,19.3,25.2,0.0,269.2,954.0,28352,4375,3777,2693,2092,2164,1880,2610,1452,1149,1232,1247,1057,1056,754,550,264
2024-05-02,2024,5,Thursday,0,0,1,15.0,19.6,53.3,122.4,952.8,26318,3639,3386,2759,2171,1946,1950,1409,1798,1231,1022,1105,1067,980,925,600,330
2024-05-03,2024,5,Friday,0,0,1,11.9,14.1,10.5,99.5,964.4,26577,3783,3465,2489,2103,2842,1793,1276,1347,1249,942,1255,987,1038,1111,630,267
2024-05-04,2024,5,Saturday,1,0,1,14.4,19.2,0.0,244.4,963.9,27229,3953,3868,2661,2229,2373,1506,1939,1542,1150,988,1244,860,1084,1132,506,194
2024-05-05,2024,5,Sunday,1,0,1,17.0,21.1,475.6,180.1,961.8,18860,2488,2301,2243,1569,1491,1263,1489,1000,1023,726,771,688,695,571,390,152
2024-05-06,2024,5,Monday,0,0,0,14.5,16.2,780.0,68.1,960.5,21338,2800,2653,2174,1816,1699,1753,1179,1272,1031,763,890,938,722,729,651,268
2024-05-07,2024,5,Tuesday,0,0,0,12.4,13.0,1078.1,67.7,965.3,21659,2809,2406,2051,1803,2618,1665,973,1338,986,746,916,962,799,736,621,230
2024-05-08,2024,5,Wednesday,0,0,0,13.4,16.1,111.5,156.5,971.6,29360,3972,3562,2870,2351,2981,2202,1620,1625,1430,1130,1225,1231,904,1059,821,377
2024-05-09,2024,5,Thursday,0,1,0,14.7,18.4,0.0,167.5,972.3,21368,2780,2420,2009,1964,1654,1566,2536,1032,983,965,825,724,775,500,469,166
2024-05-10,2024,5,Friday,0,0,0,16.9,22.0,0.0,322.7,969.8,29690,4160,3790,2874,2698,2246,2056,2472,1459,1253,1326,1170,1070,1062,1075,649,330
2024-05-11,2024,5,Saturday,1,0,0,18.5,24.0,0.0,326.3,968.3,29305,3960,3712,2907,2730,2098,1704,3016,1603,1271,1367,1198,948,1032,930,567,262
2024-05-12,2024,5,Sunday,1,0,0,19.4,25.2,9.5,289.2,965.7,23124,2881,2521,2370,1906,1701,1528,3049,1166,1032,1241,820,802,755,530,561,261
2024-05-13,2024,5,Monday,0,0,0,19.2,23.5,2.6,221.4,962.8,35666,4634,4136,3631,2742,3071,2744,2290,2204,1711,1494,1453,1609,1161,1204,1030,552
2024-05-14,2024,5,Tuesday,0,0,0,19.1,25.6,27.7,298.6,956.3,44625,5606,5099,4385,3199,4830,3434,3097,2710,2089,1821,1738,1992,1385,1458,1158,624
2024-05-15,2024,5,Wednesday,0,0,0,16.0,18.5,66.1,103.8,956.0,35861,4644,4134,3647,2695,4270,2646,1925,2067,1710,1335,1441,1532,1177,1220,943,475
2024-05-16,2024,5,Thursday,0,0,0,14.5,17.6,477.0,130.7,956.0,32391,4107,3701,2962,2413,4157,2383,1858,1875,1477,1185,1297,1404,1046,1162,939,425
2024-05-17,2024,5,Friday,0,0,0,13.9,18.1,535.5,175.8,959.1,26343,3616,3346,2558,2177,3469,1687,1362,1319,1112,838,1094,970,982,938,645,230
2024-05-18,2024,5,Saturday,1,0,0,16.1,22.2,120.3,281.4,961.8,25028,3515,3318,2614,2288,2161,1510,2230,1056,1115,1022,1014,814,826,816,535,194
2024-05-19,2024,5,Sunday,1,0,0,16.7,21.3,0.7,282.8,961.7,22124,2797,2316,2276,1960,1777,1537,2807,1057,1003,1137,809,799,678,518,451,202
2024-05-20,2024,5,Monday,0,1,0,19.0,23.7,0.0,294.0,958.7,24971,3149,2666,2488,2031,1957,1760,3140,1303,1261,1218,909,990,726,510,570,293
2024-05-21,2024,5,Tuesday,0,0,0,15.4,17.7,717.5,104.8,958.8,21856,2791,2391,2145,1813,2860,1559,1041,1246,1040,780,979,845,759,810,556,241
2024-05-22,2024,5,Wednesday,0,0,0,15.9,19.2,47.5,167.8,962.8,34484,4581,4060,3436,2685,3694,2494,1998,1981,1605,1271,1385,1454,1237,1273,879,451
2024-05-23,2024,5,Thursday,0,0,0,13.8,14.8,412.6,99.7,966.6,26194,3478,3158,2548,1982,2948,1773,1413,1602,1202,933,1140,1169,935,887,690,336
2024-05-24,2024,5,Friday,0,0,0,14.1,18.0,129.5,132.8,967.8,31778,4385,4166,3095,2394,3260,2198,1820,1795,1424,1160,1301,1262,1090,1259,790,379
2024-05-25,2024,5,Saturday,1,0,0,15.6,19.7,0.0,247.8,967.5,31747,4530,4848,2912,2550,3011,1834,2484,1312,1323,1272,1470,1059,909,1293,718,222
2024-05-26,2024,5,Sunday,1,0,0,17.8,23.0,8.1,262.8,967.8,27983,3490,3341,2751,2096,2463,1783,3321,1642,1324,1264,981,990,937,696,603,301
2024-05-27,2024,5,Monday,0,0,0,16.5,18.3,780.2,114.9,968.3,21994,2904,2580,2278,1804,2087,1580,1094,1337,1090,816,945,987,736,816,628,312
2024-05-28,2024,5,Tuesday,0,0,0,15.9,20.1,107.9,262.8,969.8,40870,5408,4796,3935,3280,3404,3021,2639,2855,1860,1669,1704,1876,1317,1426,1150,530
2024-05-29,2024,5,Wednesday,0,0,0,15.9,20.3,176.4,160.4,965.0,31820,4246,3867,3314,2491,2532,2444,1842,1972,1564,1224,1318,1472,1083,1181,866,404
2024-05-30,2024,5,Thursday,0,0,0,15.7,17.6,634.8,131.9,958.1,25472,3613,3048,2546,2360,2044,1794,1219,1560,1236,987,1140,1090,921,967,686,261
2024-05-31,2024,5,Friday,0,0,0,12.0,13.1,1214.8,35.1,961.0,15658,2157,1825,1630,1540,1771,982,707,794,643,509,844,569,647,480,376,184
2024-06-01,2024,6,Saturday,1,0,0,13.4,14.9,616.6,96.6,966.2,15354,2298,2307,1444,1479,1582,832,734,675,659,493,699,490,615,606,351,90
2024-06-02,2024,6,Sunday,1,0,0,15.4,18.2,367.0,114.4,967.8,13798,1864,1818,1469,1203,1303,854,896,734,752,647,570,479,511,277,310,111
2024-06-03,2024,6,Monday,0,0,0,15.8,16.8,201.1,60.4,967.0,22470,2963,2802,2310,1578,2382,1550,1116,1386,1049,868,1020,1067,814,721,591,253
2024-06-04,2024,6,Tuesday,0,0,0,18.5,22.7,0.0,260.4,964.2,43317,5863,5145,4279,3162,3687,3338,3010,2664,2008,1904,1791,1995,1322,1441,1109,599
2024-06-05,2024,6,Wednesday,0,0,0,20.4,23.9,0.0,249.9,964.5,43989,5760,5116,4456,3305,3301,3309,3281,2990,2173,1948,1770,2001,1386,1469,1116,608
2024-06-06,2024,6,Thursday,0,0,0,21.0,26.1,45.2,245.6,966.5,41219,5529,4929,4151,3272,3041,3129,2859,2460,1958,1750,1762,1791,1314,1498,1122,654
2024-06-07,2024,6,Friday,0,0,0,21.4,25.0,0.8,221.5,967.6,38658,5353,4863,3992,3014,3414,2665,2853,2128,1792,1633,1593,1460,1178,1291,953,476
2024-06-08,2024,6,Saturday,1,0,0,21.0,24.6,216.2,183.2,963.3,25527,3592,3632,2766,1983,2582,1230,2168,1105,1146,1000,1151,771,869,802,538,192
2024-06-09,2024,6,Sunday,1,0,0,19.5,22.2,370.0,137.3,958.3,16176,2177,1837,1806,1294,1615,970,1390,838,961,691,631,561,478,400,386,141
2024-06-10,2024,6,Monday,0,0,0,18.3,21.5,308.0,207.5,959.2,31884,4284,3869,3161,2401,2867,2301,1793,2054,1501,1317,1427,1483,1067,1088,847,424
2024-06-11,2024,6,Tuesday,0,0,0,13.0,16.2,459.7,71.5,964.9,32263,4377,3812,3254,2388,2835,2466,1843,2034,1588,1276,1365,1508,1126,1116,893,382
2024-06-12,2024,6,Wednesday,0,0,0,15.3,18.8,0.0,250.0,966.6,40870,5247,4792,4102,3052,3462,3009,2687,2663,2056,1723,1791,1916,1341,1447,1072,510
2024-06-13,2024,6,Thursday,0,0,0,16.9,21.2,0.0,320.3,966.5,43986,5775,5213,4380,3342,3440,3166,3057,2649,2006,1963,2112,1958,1604,1546,1179,596
2024-06-14,2024,6,Friday,0,0,0,17.5,19.6,224.7,153.3,962.9,30980,4624,3890,2948,2241,2784,2157,2378,1627,1359,1136,1282,1151,1149,1149,779,326
2024-06-15,2024,6,Saturday,1,0,0,17.3,19.6,267.2,143.0,960.9,25608,3829,3551,2755,1941,2491,1230,2080,1224,1135,921,1060,694,980,938,546,233
2024-06-16,2024,6,Sunday,1,0,0,18.8,23.7,0.0,326.8,961.9,25301,3238,2809,2624,1913,2191,1669,3081,1292,1183,1227,957,870,813,571,600,263
2024-06-17,2024,6,Monday,0,0,0,20.0,23.2,50.0,213.0,964.8,38358,4924,4428,3754,2899,2998,2924,2584,2918,1794,1753,1616,1727,1236,1229,1028,546
2024-06-18,2024,6,Tuesday,0,0,0,23.4,30.6,24.7,322.8,963.8,49130,6485,5503,4715,3856,3816,3625,4253,3147,2292,2303,2005,2156,1528,1504,1183,759
2024-06-19,2024,6,Wednesday,0,0,0,24.9,30.2,32.9,335.0,964.2,49576,6779,5723,5204,3609,4189,3386,4100,2891,2421,2185,1993,2097,1656,1464,1143,736
2024-06-20,2024,6,Thursday,0,0,0,22.6,25.6,7.7,150.8,967.6,40302,5488,4732,3945,3059,3181,3019,2719,2722,1897,1748,1801,1759,1349,1299,1045,539
2024-06-21,2024,6,Friday,0,0,0,19.2,20.7,528.0,65.9,966.0,20104,2893,2432,1878,1862,1979,1386,970,1032,924,728,1009,771,758,754,517,211
2024-06-22,2024,6,Saturday,1,0,0,16.1,19.0,470.7,93.7,966.9,12541,1848,1558,1228,1247,1297,661,933,549,597,385,488,483,432,467,278,90
2024-06-23,2024,6,Sunday,1,0,0,16.8,19.1,0.0,141.9,967.7,19713,2824,2389,2409,1495,2019,1455,597,1021,1023,880,898,734,698,607,508,156
2024-06-24,2024,6,Monday,0,0,0,21.6,26.2,0.0,285.1,965.3,40946,5315,4744,4067,3105,3155,3109,3157,2453,1902,1829,1744,1829,1421,1353,1124,639
2024-06-25,2024,6,Tuesday,0,0,0,21.9,27.2,18.6,317.6,962.0,45470,6183,5372,4471,3483,3279,3426,3513,2944,2017,1974,1930,1994,1442,1549,1172,721
2024-06-26,2024,6,Wednesday,0,0,0,20.6,25.0,96.0,184.4,962.0,36471,5038,4424,3787,2808,2938,2726,2258,2196,1697,1461,1642,1545,1238,1339,927,447
2024-06-27,2024,6,Thursday,0,0,0,23.7,28.2,43.7,279.1,962.9,45709,6404,5574,4440,3621,3264,3257,3583,2685,2065,2137,1857,2029,1502,1501,1162,628
2024-06-28,2024,6,Friday,0,0,0,23.9,27.9,149.1,214.1,966.9,39442,5557,4847,3597,3413,3174,2719,3147,2149,1681,1621,1782,1613,1365,1320,930,527
2024-06-29,2024,6,Saturday,1,0,0,24.7,29.5,173.7,182.2,962.1,29311,4414,3642,2872,2327,2555,1519,3157,1336,1300,1306,1167,930,1050,902,549,285
2024-06-30,2024,6,Sunday,1,0,0,20.6,23.7,100.2,150.4,962.6,18049,2623,2204,1946,918,1816,1211,1595,825,940,880,747,583,657,536,419,149
2024-07-01,2024,7,Monday,0,0,0,19.5,24.0,71.0,244.6,965.8,34402,4719,4189,3333,2669,3044,2707,2084,2079,1596,1427,1435,1528,1031,1120,957,484
2024-07-02,2024,7,Tuesday,0,0,0,17.6,20.8,320.5,157.3,966.3,37172,5000,4419,3556,2824,2896,3089,2430,2277,1751,1553,1560,1772,1345,1155,1007,538
2024-07-03,2024,7,Wednesday,0,0,0,16.0,19.0,232.7,118.2,962.7,28602,3987,3426,2887,2361,2541,2209,1568,1650,1485,1096,1325,1216,905,875,722,349
2024-07-04,2024,7,Thursday,0,0,0,19.0,23.4,0.0,241.4,963.1,40352,5557,4869,3977,3094,3426,3071,2704,2450,1815,1663,1682,1801,1358,1283,1055,547
2024-07-05,2024,7,Friday,0,0,0,21.5,25.7,0.0,303.9,964.0,42385,5946,5139,4519,3158,3963,2923,3271,2233,1870,1803,1700,1641,1403,1234,1013,569
2024-07-06,2024,7,Saturday,1,0,0,20.3,26.1,385.4,157.5,960.1,22079,3368,3081,2319,1739,2158,1198,1646,955,1060,799,943,681,848,678,444,162
2024-07-07,2024,7,Sunday,1,0,0,16.9,19.1,151.6,141.4,965.3,16927,2224,2038,1790,1487,1484,1123,1631,922,854,738,678,570,545,323,377,143
2024-07-08,2024,7,Monday,0,0,0,21.5,26.3,0.0,341.7,966.8,44188,5943,5128,4248,3621,3246,3365,3756,2578,1984,2121,1830,1876,1450,1218,1147,677
2024-07-09,2024,7,Tuesday,0,0,0,25.3,31.2,17.5,331.3,965.9,53544,7328,6146,5651,4263,3961,3572,5355,2967,2715,2568,2037,2051,1654,1310,1173,793
2024-07-10,2024,7,Wednesday,0,0,0,23.1,25.4,266.1,135.5,967.8,38535,5311,5270,4286,3057,3259,2737,2301,2063,2066,1361,1592,1465,1227,1130,941,469
2024-07-11,2024,7,Thursday,0,0,0,23.7,28.3,357.7,261.0,967.2,41245,6000,5175,4183,3360,3190,3012,2963,2320,1927,1737,1692,1646,1289,1138,1029,584
2024-07-12,2024,7,Friday,0,0,0,21.9,26.2,335.3,167.3,962.9,26317,3901,3410,2599,2511,2360,1885,1473,1300,1196,960,1125,966,878,802,663,288
2024-07-13,2024,7,Saturday,1,0,1,17.9,19.9,179.4,147.3,964.3,23589,3496,3556,2232,1947,2366,1358,1789,929,986,986,958,710,834,811,507,124
2024-07-14,2024,7,Sunday,1,0,1,20.7,25.8,0.0,278.8,964.3,27530,3596,2901,2764,2129,2375,1589,4213,1421,1232,1345,895,921,865,434,545,305
2024-07-15,2024,7,Monday,0,0,1,23.1,29.3,175.8,241.7,962.9,34985,4742,4264,3355,2819,2718,2579,2989,1901,1593,1610,1354,1434,1154,971,884,618
2024-07-16,2024,7,Tuesday,0,0,1,22.1,24.9,285.9,271.4,966.6,35469,5076,4477,3741,2708,2864,2614,2464,1958,1664,1450,1378,1519,1156,1120,798,482
2024-07-17,2024,7,Wednesday,0,0,1,22.0,24.9,0.0,210.2,970.5,39381,5422,4742,3905,3072,3123,2763,3334,2336,1763,1800,1563,1671,1241,1144,933,569
2024-07-18,2024,7,Thursday,0,0,1,23.2,28.1,0.0,322.0,970.1,42004,5850,5084,3988,3526,3127,2898,4081,2274,1814,1997,1708,1735,1334,1151,875,562
2024-07-19,2024,7,Friday,0,0,1,25.2,30.6,0.0,306.1,968.0,36794,5135,4456,3290,3272,2799,2423,4141,1748,1533,1795,1397,1395,1188,949,765,508
2024-07-20,2024,7,Saturday,1,0,1,25.8,30.9,0.0,314.9,961.7,29438,4087,3485,2407,2648,2120,1569,4783,1184,1124,1547,979,953,913,681,536,422
2024-07-21,2024,7,Sunday,1,0,1,23.7,27.9,104.6,239.6,960.8,18391,2860,2226,1897,1491,1489,996,2264,775,847,827,680,558,651,282,333,215
2024-07-22,2024,7,Monday,0,0,1,21.5,23.3,182.8,133.1,968.2,25966,3560,3159,2599,2084,2220,1995,1771,1432,1222,1026,1000,1167,850,802,709,370
2024-07-23,2024,7,Tuesday,0,0,1,22.9,26.9,0.0,256.4,970.2,36154,4979,4420,3539,2857,2741,2809,3002,1959,1637,1595,1414,1627,1153,1028,843,551
2024-07-24,2024,7,Wednesday,0,0,1,21.8,25.2,0.0,232.5,969.2,36553,5039,4480,3587,2985,2796,2602,3033,1959,1701,1675,1488,1617,1212,1054,815,510
2024-07-25,2024,7,Thursday,0,0,1,22.0,26.6,0.0,308.3,964.8,38457,5511,4676,3721,3093,2948,2488,3594,1990,1715,1724,1520,1667,1357,1061,835,557
2024-07-26,2024,7,Friday,0,0,1,23.8,29.0,0.0,290.7,963.2,35185,5187,4370,3332,2851,2624,2092,3579,1636,1469,1630,1581,1363,1272,983,676,540
2024-07-27,2024,7,Saturday,1,0,1,25.5,32.2,20.6,275.2,964.7,27623,4009,3501,2555,2316,2169,1357,4069,1035,1098,1123,1066,842,1012,655,480,336
2024-07-28,2024,7,Sunday,1,0,1,21.5,23.7,234.4,145.3,972.5,17427,2487,1996,1905,1524,1500,1053,1801,777,931,810,643,564,615,328,342,151
2024-07-29,2024,7,Monday,0,0,1,22.9,28.0,0.0,313.4,971.2,33553,4708,4033,3094,2719,2496,2186,3361,1805,1518,1521,1347,1443,1188,837,757,540
2024-07-30,2024,7,Tuesday,0,0,1,26.1,33.0,0.0,303.5,967.4,38008,5569,4302,3507,3217,2701,2346,4039,1896,1622,1973,1531,1646,1251,994,833,581
2024-07-31,2024,7,Wednesday,0,0,1,25.7,33.0,101.4,226.5,965.0,31377,4598,3793,3078,2561,2413,1870,2720,1491,1510,1601,1436,1284,1143,791,673,415
2024-08-01,2024,8,Thursday,0,1,1,22.5,25.6,122.4,163.9,963.7,18344,2841,2069,1917,1576,1517,930,1627,713,828,1253,792,666,787,355,334,139
2024-08-02,2024,8,Friday,0,0,1,24.0,28.9,68.5,268.7,963.0,27222,3899,3534,2518,2625,1982,1452,2359,1113,1153,1540,1257,980,1198,781,501,330
2024-08-03,2024,8,Saturday,1,0,1,23.0,27.0,0.0,256.9,964.0,25550,3546,3172,2671,2332,1948,1368,2314,994,1152,1699,977,986,929,663,511,288
2024-08-04,2024,8,Sunday,1,0,1,22.8,25.9,0.0,242.0,966.1,22309,3013,2315,2259,1870,1644,1305,2955,929,1014,1494,771,838,786,362,475,279
2024-08-05,2024,8,Monday,0,0,1,23.5,27.5,0.0,257.2,964.9,33697,4890,4035,3116,2856,2686,2403,3289,1072,1595,1638,1279,1405,1142,1003,824,464
2024-08-06,2024,8,Tuesday,0,0,1,24.6,30.6,0.0,298.8,962.8,39695,5880,4802,3963,3373,2940,2734,4163,1206,1864,1964,1516,1539,1353,1057,877,464
2024-08-07,2024,8,Wednesday,0,0,1,22.5,26.0,263.2,159.7,964.5,27541,4008,3444,2945,2366,2404,1958,2137,837,1299,1190,1127,1109,1001,755,668,293
2024-08-08,2024,8,Thursday,0,0,1,22.6,25.3,25.0,166.5,967.2,34917,4988,4355,3720,2961,2767,2353,3013,1071,1658,1615,1388,1345,1280,1086,876,441
2024-08-09,2024,8,Friday,0,0,1,23.8,28.9,0.0,289.8,969.3,36210,5600,4557,3462,3394,3001,2200,3659,798,1611,1669,1496,1268,1297,994,762,442
2024-08-10,2024,8,Saturday,1,0,1,25.4,30.5,0.0,295.0,971.2,22471,4050,3312,2693,726,2275,994,1130,1002,1134,1098,1069,823,905,618,561,81
2024-08-11,2024,8,Sunday,1,0,1,26.3,31.5,0.0,290.0,969.0,23997,3269,2723,2469,1782,1935,1256,3521,1029,1152,1066,894,849,863,414,548,227
2024-08-12,2024,8,Monday,0,0,1,27.0,33.1,127.3,278.0,964.7,37792,5305,4436,3788,3010,2947,2626,3558,2054,1713,1546,1520,1595,1199,988,900,607
2024-08-13,2024,8,Tuesday,0,0,1,25.7,31.9,1.9,285.2,961.8,44505,6393,5200,4378,3453,3234,3110,4371,2476,1935,2152,1716,1737,1458,1193,1029,670
2024-08-14,2024,8,Wednesday,0,0,1,25.7,29.1,44.6,256.7,963.6,42525,6109,5039,4279,3381,3329,3000,3723,2393,1951,1938,1729,1768,1371,1158,972,385
2024-08-15,2024,8,Thursday,0,0,1,24.8,29.2,0.0,278.8,967.5,46966,6466,5314,4489,3784,3451,3278,5261,2527,2029,2170,1783,1955,1492,1221,1035,711
2024-08-16,2024,8,Friday,0,0,1,25.7,30.4,138.4,266.7,967.3,41766,6134,5093,3984,3389,3266,2654,4868,2069,1689,1899,1584,1547,1308,1101,932,249
2024-08-17,2024,8,Saturday,1,0,1,21.8,23.6,384.1,94.9,964.7,21774,3161,2928,2505,1768,2520,1017,1773,845,928,769,928,611,835,582,473,131
2024-08-18,2024,8,Sunday,1,0,1,18.7,20.6,503.2,56.2,962.3,10452,1586,1382,1207,995,1121,542,600,458,502,358,447,335,363,206,283,67
2024-08-19,2024,8,Monday,0,0,0,18.9,22.5,103.0,253.5,966.7,38227,5019,4384,3792,2888,2891,3087,3368,2184,1848,1599,1453,1632,1238,1082,1230,532
2024-08-20,2024,8,Tuesday,0,0,0,20.5,25.4,0.0,208.5,964.0,46538,6055,5186,4465,3618,3510,3679,4407,2688,2120,2113,1895,2037,1439,1311,1357,658
2024-08-21,2024,8,Wednesday,0,0,0,20.3,22.7,0.0,185.1,968.1,46310,5925,5097,4203,3772,3457,3523,5171,2857,2020,2011,1824,1917,1389,1337,1259,548
2024-08-22,2024,8,Thursday,0,0,0,19.8,25.7,0.0,266.9,965.2,48111,6469,5577,4466,3697,3580,3772,4652,2726,2154,2268,1894,1941,1479,1410,1344,682
2024-08-23,2024,8,Friday,0,0,0,23.0,29.3,0.0,271.2,964.8,46352,6670,5424,4254,3594,3819,3273,5065,2282,1894,2160,1793,1628,1471,1256,1138,631
2024-08-24,2024,8,Saturday,1,0,0,25.0,32.3,8.6,260.4,963.8,37828,5834,4399,3329,2860,3171,1951,6033,1538,1419,1709,1274,1092,1207,781,746,485
2024-08-25,2024,8,Sunday,1,0,0,18.1,22.9,263.0,67.8,971.3,18022,2552,2118,1738,1420,1718,1111,2161,838,795,829,699,565,574,332,416,156
2024-08-26,2024,8,Monday,0,0,0,18.3,20.6,0.0,123.4,971.4,39319,5039,4646,3651,3130,3258,3282,2972,2391,1866,1546,1602,1670,1287,1159,1225,595
2024-08-27,2024,8,Tuesday,0,0,0,19.2,23.3,0.0,226.4,969.4,46564,6185,5295,4310,3719,3891,3838,3854,2726,2188,1976,1853,2019,1527,1367,1241,575
2024-08-28,2024,8,Wednesday,0,0,0,22.8,29.5,0.0,247.4,967.9,48292,6612,5618,4597,3814,3680,3533,4886,2591,2137,2091,1917,1992,1496,1326,1214,788
2024-08-29,2024,8,Thursday,0,0,0,24.9,31.3,0.0,245.2,968.5,48845,6741,5725,4450,4014,3556,3808,5011,2651,2129,2141,1890,1876,1482,1351,1282,738
2024-08-30,2024,8,Friday,0,0,0,24.9,30.5,0.0,238.6,967.6,45800,6498,5571,4258,3742,3575,3208,4910,2383,1909,2131,1785,1611,1361,1162,1090,606
2024-08-31,2024,8,Saturday,1,0,0,25.2,30.2,0.0,234.5,967.6,35056,4832,4217,3203,2837,3342,1899,4970,1541,1355,1473,1309,1060,1147,810,643,418
2024-09-01,2024,9,Sunday,1,0,0,23.9,30.9,295.4,234.4,965.4,27925,3846,2988,2826,2081,2218,1618,4481,1320,1209,1231,931,849,882,537,563,345
2024-09-02,2024,9,Monday,0,0,0,22.5,26.7,0.5,185.8,964.4,39928,5483,4753,3824,3012,3153,3210,2870,2533,1862,1789,1675,1694,1223,1104,1155,588
2024-09-03,2024,9,Tuesday,0,0,0,23.6,27.6,29.4,180.0,965.4,44880,6130,5120,4447,3514,3445,3545,3462,2794,2134,1951,1780,1899,1548,1276,1190,645
2024-09-04,2024,9,Wednesday,0,0,0,22.3,25.7,0.0,184.6,964.2,40393,5724,4912,4143,3154,3362,3096,2643,2306,1900,1720,1628,1615,1400,1170,1141,479
2024-09-05,2024,9,Thursday,0,0,0,20.0,23.4,265.0,104.0,958.0,33293,4593,4036,3450,2632,2885,2552,2004,1983,1634,1384,1316,1452,1048,970,987,367
2024-09-06,2024,9,Friday,0,0,0,19.8,24.8,0.0,234.9,961.8,37901,5259,4870,3784,3222,3164,2833,2621,2021,1779,1560,1579,1423,1265,1117,990,414
2024-09-07,2024,9,Saturday,1,0,0,22.3,27.8,0.0,236.2,961.6,31687,4420,4000,2912,2850,2672,1851,3767,1414,1220,1514,1203,929,1073,809,700,353
2024-09-08,2024,9,Sunday,1,0,0,18.8,20.8,515.1,51.3,961.4,14038,1912,1786,1494,1221,1310,939,1035,648,716,575,583,449,539,291,445,95
2024-09-09,2024,9,Monday,0,0,0,15.8,17.1,658.4,78.3,960.6,18633,2618,2334,1885,1698,1649,1478,849,1094,905,676,815,690,665,535,557,185
2024-09-10,2024,9,Tuesday,0,0,0,16.2,18.3,34.1,159.5,965.0,34644,4547,4121,3384,2864,2834,2924,2097,2270,1716,1391,1382,1343,1134,1098,1104,435
2024-09-11,2024,9,Wednesday,0,0,0,13.3,15.4,744.4,45.6,961.7,24592,3260,4004,2479,1915,2200,1724,1267,1310,1159,811,1013,947,746,745,804,208
2024-09-12,2024,9,Thursday,0,0,0,10.5,14.1,68.5,146.9,963.8,31255,4314,3930,3154,2864,2562,2310,1718,1741,1489,1174,1308,1339,1122,990,970,270
2024-09-13,2024,9,Friday,0,0,0,9.9,11.9,229.1,110.3,969.8,25007,3551,3292,2449,2334,2299,1793,1243,1304,1141,832,1115,1009,882,772,761,230
2024-09-14,2024,9,Saturday,1,0,0,10.8,13.8,36.1,104.0,976.3,19289,2837,2808,1896,1999,1896,1047,1123,843,773,658,900,593,761,541,486,128
2024-09-15,2024,9,Sunday,1,0,0,11.2,15.1,0.0,219.5,974.2,18547,2430,2180,1824,1777,1723,1176,1666,951,863,846,732,663,668,365,525,158
2024-09-16,2024,9,Monday,0,0,0,10.5,13.2,394.9,58.7,972.2,24143,3225,3005,2381,2142,1959,1859,1334,1439,1170,848,1009,1050,888,764,823,247
2024-09-17,2024,9,Tuesday,0,0,0,12.6,16.7,491.2,101.9,969.9,28534,3833,3950,2831,2457,2248,2083,1510,1690,1344,1003,1183,1225,1039,894,993,251
2024-09-18,2024,9,Wednesday,0,0,0,14.4,19.9,0.0,182.2,968.3,37672,5071,4440,3632,3306,3086,2954,2418,2304,1701,1400,1556,1678,1339,1267,1155,365
2024-09-19,2024,9,Thursday,0,0,0,15.1,19.5,0.0,133.2,966.9,38641,5109,4667,3746,3325,2989,3202,2316,2358,1826,1618,1653,1668,1433,1253,1082,396
2024-09-20,2024,9,Friday,0,0,0,16.1,21.7,0.0,181.8,968.7,37542,5332,4426,3722,3541,3357,2637,2363,2010,1581,1534,1669,1462,1331,1193,1009,375
2024-09-21,2024,9,Saturday,1,0,0,17.2,22.9,0.0,195.2,968.7,29038,4144,4080,2897,2409,2702,1803,2177,1336,1210,1164,1217,1003,1043,858,766,229
2024-09-22,2024,9,Sunday,1,0,0,17.0,21.5,135.4,162.0,965.4,24141,3113,2713,2442,2209,2017,1759,2354,1341,1034,1148,930,891,845,521,587,237
2024-09-23,2024,9,Monday,0,0,0,15.8,18.5,300.8,73.7,961.8,25597,3497,3060,2556,1734,1974,2222,1423,1611,1269,1016,1114,1120,887,889,928,297
2024-09-24,2024,9,Tuesday,0,0,0,15.6,19.3,100.4,157.1,960.5,36354,5121,4246,3788,2435,2879,2939,2228,2272,1862,1427,1490,1728,1264,1288,1121,266
2024-09-25,2024,9,Wednesday,0,0,0,16.7,19.5,101.2,152.8,960.0,37921,5428,4701,3887,2272,3082,2985,2374,2394,1983,1480,1630,1700,1232,1350,1110,313
2024-09-26,2024,9,Thursday,0,0,0,15.3,16.7,1135.4,27.7,954.1,17290,2111,3959,1470,775,1241,1289,716,1407,734,428,731,590,586,508,607,138
2024-09-27,2024,9,Friday,0,0,0,14.7,16.3,51.2,58.5,957.3,28755,4207,3640,2936,2050,2379,2414,1538,1562,1367,1027,1319,1158,1030,1079,845,204
2024-09-28,2024,9,Saturday,1,0,0,11.2,12.8,400.7,43.4,968.9,12267,1838,1812,1320,643,1363,761,563,513,611,393,560,371,543,495,427,54
2024-09-29,2024,9,Sunday,1,0,0,11.0,14.6,0.0,162.4,973.2,19201,2273,2066,1963,1111,1752,1617,1918,1146,860,1158,787,721,659,453,537,180
2024-09-30,2024,9,Monday,0,0,0,15.2,20.7,113.4,153.6,967.0,31774,4183,3708,3062,2846,2521,2691,1888,1914,1530,1142,1335,1379,1082,1037,1058,398
2024-10-01,2024,10,Tuesday,0,0,0,14.1,16.1,808.2,35.9,962.1,28883,2961,8398,2327,2105,2234,1751,1210,1437,1075,741,980,1069,756,759,810,270
2024-10-02,2024,10,Wednesday,0,0,0,12.5,14.4,186.7,88.5,959.2,35063,4299,5813,3200,2716,3967,2536,1725,1904,1513,1113,1354,1343,1171,1031,1031,347
2024-10-03,2024,10,Thursday,0,0,0,11.0,13.1,0.0,70.8,960.8,35167,4439,4143,3211,2861,4558,2679,1857,2037,1480,1202,1507,1494,1245,1076,1032,346
2024-10-04,2024,10,Friday,0,0,0,10.2,11.3,162.0,47.5,964.4,25716,3442,3870,2383,2020,3505,1647,966,1307,1076,809,1021,949,991,780,735,215
2024-10-05,2024,10,Saturday,1,0,1,10.3,13.3,0.0,109.2,965.2,20613,2954,2917,1892,1884,1977,1289,1268,920,930,759,891,689,883,695,524,141
2024-10-06,2024,10,Sunday,1,0,1,10.6,13.8,55.0,83.4,960.4,14559,1895,1682,1623,1331,1392,1166,1047,717,777,567,507,462,540,316,428,109
2024-10-07,2024,10,Monday,0,0,1,15.3,20.8,77.7,135.7,957.4,26394,3589,3317,2430,2155,2317,2099,1555,1510,1253,950,1138,1106,987,876,795,317
2024-10-08,2024,10,Tuesday,0,0,1,14.5,15.8,370.7,24.5,955.4,22813,2697,5631,2015,1763,1642,1460,980,1101,1015,587,869,881,721,667,597,187
2024-10-09,2024,10,Wednesday,0,0,1,14.6,18.3,6.1,132.3,948.2,29022,3789,3597,2740,2810,2402,2235,1782,1696,1446,1004,1255,1197,1043,931,746,349
2024-10-10,2024,10,Thursday,0,0,1,14.6,17.5,237.5,116.3,953.5,22771,3353,3177,2216,1997,1872,1629,1003,1243,1203,666,1032,911,894,711,651,213
2024-10-11,2024,10,Friday,0,0,1,11.7,14.3,285.5,96.6,965.0,24165,3366,4980,2238,1994,1949,1510,952,1193,1020,750,967,908,835,715,598,190
2024-10-12,2024,10,Saturday,1,0,1,10.1,12.6,422.2,77.2,964.9,16084,2078,3775,1300,1499,1418,829,880,633,554,462,703,470,619,424,387,53
2024-10-13,2024,10,Sunday,1,0,1,14.2,17.6,266.4,74.0,967.5,14598,1671,3990,1248,1202,1027,839,760,611,585,506,501,484,427,275,372,100
2024-10-14,2024,10,Monday,0,0,1,14.0,18.5,4.0,99.0,968.5,25191,3380,3079,2396,1969,2102,1931,1373,1579,1282,944,1152,1114,919,864,801,306
2024-10-15,2024,10,Tuesday,0,0,1,14.0,15.4,145.2,47.1,968.1,26173,3474,3314,2709,2054,2103,2031,1422,1596,1337,915,1139,1161,937,888,828,265
2024-10-16,2024,10,Wednesday,0,0,1,13.7,15.6,0.2,48.7,963.9,27792,3853,3413,2826,2237,2334,2065,1536,1642,1459,1018,1201,1225,1003,922,785,273
2024-10-17,2024,10,Thursday,0,0,1,14.6,18.2,17.4,82.7,964.0,29171,3974,3700,2826,2363,2371,2207,1666,1776,1466,1061,1307,1310,1041,1062,685,356
2024-10-18,2024,10,Friday,0,0,1,14.5,16.4,0.6,26.9,964.0,24446,3585,3207,2400,2049,2317,1690,1196,1253,1152,792,1081,937,939,870,727,251
2024-10-19,2024,10,Saturday,1,0,1,12.5,14.5,0.0,47.4,968.5,20373,2981,2961,2059,1747,2136,1299,1105,878,900,675,911,648,759,659,523,132
2024-10-20,2024,10,Sunday,1,0,1,13.2,15.5,0.0,49.9,972.6,15867,2102,1852,1720,1332,1554,1059,1139,858,781,773,629,526,582,401,451,108
2024-10-21,2024,10,Monday,0,0,0,12.9,18.2,21.7,100.7,975.6,32730,4251,3838,3172,2720,2645,2832,1896,1991,1520,1324,1383,1411,1155,1022,1111,459
2024-10-22,2024,10,Tuesday,0,0,0,15.1,18.8,358.2,68.8,977.6,30485,4206,3838,3062,2365,2604,2345,1495,1815,1471,1141,1309,1379,1118,983,979,375
2024-10-23,2024,10,Wednesday,0,0,0,12.4,13.4,553.6,27.2,979.7,26184,3320,3670,2516,2078,2188,1998,1226,1358,1188,865,1044,1024,942,777,1736,254
2024-10-24,2024,10,Thursday,0,0,0,13.1,16.0,0.0,68.6,974.9,34871,4850,4259,3498,2646,2905,2846,1983,2049,1659,1329,1562,1504,1257,1055,1039,430
2024-10-25,2024,10,Friday,0,0,0,11.2,13.3,0.0,51.3,970.6,31734,4420,4049,3104,2686,2872,2550,1629,1676,1451,1104,1496,1179,1282,931,981,324
2024-10-26,2024,10,Saturday,1,0,0,11.7,12.7,0.0,31.8,967.4,22736,3266,3194,2170,2318,2240,1478,1169,1000,976,776,1031,746,976,709,584,103
2024-10-27,2024,10,Sunday,1,0,0,13.4,17.8,0.0,101.7,971.6,20216,2636,2100,2133,2104,1975,1348,1671,1016,1024,919,817,680,713,416,511,153
2024-10-28,2024,10,Monday,0,0,0,12.3,16.4,0.0,81.5,975.8,33646,4402,3937,3257,2662,2700,2847,2033,2082,1621,1237,1495,1504,1241,1039,1137,452
2024-10-29,2024,10,Tuesday,0,0,0,11.1,14.6,45.6,65.4,976.2,36161,4687,4899,3512,2722,2834,3113,2297,2181,1727,1284,1539,1361,1305,1138,1127,435
2024-10-30,2024,10,Wednesday,0,0,0,10.7,11.5,0.0,32.6,976.1,35015,4680,5034,3373,2676,2794,2691,1895,2037,1749,1255,1522,1354,1322,1158,1080,395
2024-10-31,2024,10,Thursday,0,0,0,10.7,11.6,0.0,25.6,976.4,34665,4584,4303,3468,2688,2765,2843,1995,2037,1702,1306,1508,1434,1262,1248,1120,402
2024-11-01,2024,11,Friday,0,0,0,11.0,14.8,0.0,98.7,974.8,33175,4650,4291,3262,2776,2826,2420,2038,1748,1539,1217,1465,1187,1235,1176,1006,339
2024-11-02,2024,11,Saturday,1,0,0,8.5,9.7,10.4,15.7,976.0,20383,2952,2859,2126,1645,2094,1209,1220,820,1032,722,837,643,757,685,651,131
2024-11-03,2024,11,Sunday,1,0,0,9.0,10.0,0.0,24.5,977.5,14570,2047,1830,1708,1086,1416,995,1041,674,758,564,576,461,561,329,431,93
2024-11-04,2024,11,Monday,0,0,0,8.7,10.2,0.0,42.8,975.6,30725,4011,3620,3137,2362,2500,2564,1839,1920,1518,1248,1319,1307,1093,929,952,406
2024-11-05,2024,11,Tuesday,0,0,0,9.3,12.5,0.0,68.3,974.7,34196,4607,4003,3458,2584,2709,2860,2024,2121,1669,1252,1490,1523,1252,1092,1091,461
2024-11-06,2024,11,Wednesday,0,0,0,9.3,13.4,0.0,78.1,977.2,33696,4557,4045,3372,2548,2736,2691,1855,2054,1714,1275,1514,1482,1243,1071,1119,420
2024-11-07,2024,11,Thursday,0,0,0,10.2,11.0,0.0,16.2,977.6,33322,4514,4235,3389,2588,2569,2690,1841,1957,1639,1285,1458,1351,1253,1056,1069,428
2024-11-08,2024,11,Friday,0,0,0,9.6,12.2,0.0,72.4,974.7,30254,4223,3960,2946,2501,2699,2271,1557,1637,1409,1121,1368,1158,1146,982,933,343
2024-11-09,2024,11,Saturday,1,0,0,7.7,8.8,5.2,26.2,974.6,20414,3000,2972,2001,2002,2117,1202,1017,873,899,594,851,638,803,729,595,121
2024-11-10,2024,11,Sunday,1,0,0,7.5,7.9,0.0,17.4,975.3,14185,2016,1764,1382,1403,1337,1028,860,637,699,616,608,436,578,358,374,89
2024-11-11,2024,11,Monday,0,0,0,7.1,8.5,244.3,53.6,976.3,28790,3888,3455,2865,2255,2311,2399,1571,1781,1282,1106,1286,1229,1068,930,988,376
2024-11-12,2024,11,Tuesday,0,0,0,6.1,7.4,186.6,15.9,973.6,29950,4177,3486,3009,2335,2390,2433,1577,1785,1531,1060,1314,1292,1207,1000,982,372
2024-11-13,2024,11,Wednesday,0,0,0,4.4,5.2,80.4,14.6,976.6,29782,3981,3663,3132,2390,2432,2386,1486,1784,1445,1076,1233,1336,1164,884,1061,329
2024-11-14,2024,11,Thursday,0,0,0,4.2,6.3,0.0,56.7,976.3,30703,4284,3862,3042,2446,2457,2347,1544,1788,1587,1206,1335,1193,1202,1020,1032,358
2024-11-15,2024,11,Friday,0,0,0,4.4,8.8,0.0,77.3,974.6,28295,3959,3567,2803,2498,2481,2078,1449,1513,1361,1018,1205,1073,1057,978,926,329
2024-11-16,2024,11,Saturday,1,0,0,3.6,7.0,0.0,67.6,970.4,19307,2937,2611,1886,1839,1958,1123,1091,809,860,736,823,609,755,635,494,141
2024-11-17,2024,11,Sunday,1,0,0,6.0,9.2,19.4,48.5,965.9,13872,1937,1621,1531,1274,1383,950,941,681,733,558,539,448,493,323,350,110
2024-11-18,2024,11,Monday,0,0,0,8.6,10.4,0.1,62.3,964.5,28931,3989,3458,2739,2252,2374,2441,1591,1737,1431,1167,1252,1259,998,903,953,387
2024-11-19,2024,11,Tuesday,0,0,0,9.7,11.8,516.3,32.1,955.2,21491,2801,3655,2173,1647,1832,1445,972,1228,1012,660,890,786,716,688,750,236
2024-11-20,2024,11,Wednesday,0,0,0,4.8,8.2,262.5,51.6,954.6,28614,3594,6235,2597,2130,2215,1824,1210,1530,1308,886,1132,1046,893,877,843,294
2024-11-21,2024,11,Thursday,0,0,0,1.5,3.3,408.4,22.6,949.9,18441,2623,2793,1870,1825,1520,1238,776,843,890,637,677,628,625,617,711,168
2024-11-22,2024,11,Friday,0,0,0,0.1,1.2,432.7,23.2,959.3,7675,913,938,717,1066,821,417,198,346,350,131,375,258,487,142,489,27
2024-11-23,2024,11,Saturday,1,0,0,2.6,6.3,0.0,61.9,971.9,8774,1225,1213,779,1247,1007,414,291,308,387,189,421,224,458,265,318,28
2024-11-24,2024,11,Sunday,1,0,0,6.7,9.0,24.2,48.6,970.9,10363,1323,1933,969,1125,1082,582,406,391,494,324,444,301,418,232,297,42
2024-11-25,2024,11,Monday,0,0,0,8.1,14.0,17.3,71.8,964.9,26069,3481,3555,2526,2123,2190,2012,1249,1510,1294,941,1042,1119,999,815,888,325
2024-11-26,2024,11,Tuesday,0,0,0,9.4,11.1,265.9,49.1,971.0,29741,4135,3538,2924,2531,2377,2373,1506,1805,1458,1082,1319,1262,1110,1004,945,372
2024-11-27,2024,11,Wednesday,0,0,0,7.2,10.5,39.3,81.1,971.6,30632,3979,3680,3065,2539,2487,2352,1599,1748,1518,1170,1381,1274,1147,971,1361,361
2024-11-28,2024,11,Thursday,0,0,0,6.8,9.5,659.9,8.2,974.0,20435,2850,2400,2051,1899,1740,1467,804,1195,1001,711,991,846,764,664,775,277
2024-11-29,2024,11,Friday,0,0,0,2.5,5.3,0.0,66.7,978.7,25847,3762,3315,2469,2324,2367,1890,1180,1353,1124,901,1231,941,1066,874,798,252
2024-11-30,2024,11,Saturday,1,0,0,2.1,3.0,0.0,25.1,978.0,16844,2455,2368,1818,1563,1754,927,705,636,942,490,805,476,663,604,534,104
2024-12-01,2024,12,Sunday,1,0,0,2.4,5.3,0.0,69.2,974.8,13347,1877,1732,1240,1365,1334,834,686,614,651,514,585,453,538,390,434,100
2024-12-02,2024,12,Monday,0,0,0,6.0,8.3,572.0,26.7,969.2,22221,3004,2698,2197,1928,1851,1876,1117,1335,1004,769,916,944,717,751,845,269
2024-12-03,2024,12,Tuesday,0,0,0,6.8,7.9,76.0,34.9,968.9,27904,3800,3339,2902,2263,2297,2042,1450,1753,1389,1042,1193,1235,971,906,963,359
2024-12-04,2024,12,Wednesday,0,0,0,4.4,5.9,127.5,29.7,973.6,25229,3411,3018,2556,2209,2247,1933,1269,1454,1218,842,1105,1038,939,807,906,277
2024-12-05,2024,12,Thursday,0,0,0,3.1,5.2,136.3,41.5,972.9,27533,3845,3267,2737,2352,2241,2034,1336,1593,1273,951,1221,1119,945,924,1369,326
2024-12-06,2024,12,Friday,0,0,0,7.3,8.8,318.1,27.9,966.2,22771,3420,2978,2297,2062,2105,1617,901,1170,1057,736,1022,820,851,724,783,228
2024-12-07,2024,12,Saturday,1,0,0,6.0,7.6,398.1,20.1,958.8,11831,1787,1585,1236,1277,1335,604,420,468,584,332,572,349,517,356,347,62
2024-12-08,2024,12,Sunday,1,0,0,4.7,5.8,345.8,19.5,955.3,11520,1940,1507,1113,1218,1176,649,470,515,486,425,520,346,478,298,325,54
2024-12-09,2024,12,Monday,0,0,0,3.7,4.4,220.9,12.6,962.9,23330,3112,2763,2354,1937,2023,1859,1041,1458,1098,784,1057,974,931,697,989,253
2024-12-10,2024,12,Tuesday,0,0,0,3.2,3.6,0.0,10.1,969.3,27599,3698,3234,2813,2307,2300,2314,1396,1667,1289,1018,1203,1113,1107,873,925,342
2024-12-11,2024,12,Wednesday,0,0,0,3.0,3.3,0.0,12.4,974.3,27133,3776,3209,2648,2391,2291,2094,1351,1581,1354,952,1221,1164,1006,829,950,316
2024-12-12,2024,12,Thursday,0,0,0,2.4,3.1,0.0,11.2,976.4,27130,3714,3224,2645,2476,2324,2181,1279,1617,1364,999,1232,1085,1010,849,854,277
2024-12-13,2024,12,Friday,0,0,0,1.4,1.9,0.0,19.4,975.0,24729,3459,3181,2390,2480,2244,1821,1056,1314,1116,905,1100,924,925,785,747,282
2024-12-14,2024,12,Saturday,1,0,0,2.7,4.4,603.8,13.6,971.9,12339,1938,1792,1182,1350,1258,707,533,481,595,337,494,348,529,368,359,68
2024-12-15,2024,12,Sunday,1,0,0,4.1,5.2,35.4,43.4,980.6,10829,1596,1406,1151,353,1117,826,686,555,592,513,485,385,421,282,329,132
2024-12-16,2024,12,Monday,0,0,0,5.6,8.8,0.0,62.3,985.1,26301,3639,3238,2461,2360,2114,2154,1362,1602,1178,1011,1122,1024,901,840,926,369
2024-12-17,2024,12,Tuesday,0,0,0,4.9,8.1,0.0,53.9,979.1,29317,4042,3473,2865,2645,2366,2430,1527,1743,1276,1103,1264,1191,1096,949,965,382
2024-12-18,2024,12,Wednesday,0,0,0,6.1,9.2,4.6,33.6,972.7,27901,3834,3349,2802,2523,2431,2252,1355,1549,1219,1017,1282,1140,976,888,940,344
2024-12-19,2024,12,Thursday,0,0,0,6.9,10.4,249.6,15.3,959.8,21085,2961,2686,2058,1942,1794,1657,878,1176,955,697,964,805,781,653,837,241
2024-12-20,2024,12,Friday,0,0,0,2.9,3.8,46.6,14.4,971.2,21937,3167,2988,2002,2248,2096,1633,909,1036,960,729,953,707,850,693,764,202
2024-12-21,2024,12,Saturday,1,0,1,4.1,6.0,174.9,44.3,971.9,14329,2244,2147,1261,1513,1543,862,557,516,538,488,654,408,600,491,418,89
2024-12-22,2024,12,Sunday,1,0,1,4.4,7.5,724.7,6.9,958.5,5821,890,771,530,1012,588,306,146,197,256,164,256,158,236,132,157,22
2024-12-23,2024,12,Monday,0,0,1,2.0,3.2,630.7,10.7,963.8,9232,1347,1329,793,1290,957,541,194,326,351,215,465,233,390,361,390,50
2024-12-24,2024,12,Tuesday,0,0,1,2.6,3.9,57.9,25.2,976.5,8491,1173,1126,657,1175,949,582,326,282,256,230,352,229,332,291,476,55
2024-12-25,2024,12,Wednesday,0,1,1,0.6,2.4,0.0,84.2,982.5,4647,599,526,440,710,446,308,223,202,217,176,176,146,151,104,196,27
2024-12-26,2024,12,Thursday,0,1,1,-0.4,0.5,0.0,35.9,982.0,5416,798,655,491,784,520,338,254,215,268,173,244,148,222,111,164,31
2024-12-27,2024,12,Friday,0,0,1,-0.3,0.4,0.0,19.1,981.5,9338,1407,1240,747,1385,922,631,314,354,358,247,446,275,391,276,286,59
2024-12-28,2024,12,Saturday,1,0,1,-0.5,0.8,0.0,21.4,979.3,8077,1184,1183,632,1195,831,454,310,301,326,204,363,226,322,216,300,30
2024-12-29,2024,12,Sunday,1,0,1,-0.8,0.7,0.0,25.3,978.7,6370,932,797,531,915,636,382,285,253,284,199,292,189,289,135,209,42
2024-12-30,2024,12,Monday,0,0,1,-1.3,-0.2,0.0,17.3,979.6,9539,1288,1313,809,1387,939,583,324,370,338,265,444,322,405,322,370,60
2024-12-31,2024,12,Tuesday,0,0,1,-1.2,0.1,0.0,30.2,979.1,8465,1264,1098,706,1167,860,603,309,344,357,213,362,288,319,231,287,57
2025-01-01,2025,1,Wednesday,0,1,1,1.4,6.1,0.0,71.2,974.7,6249,858,781,662,830,596,379,331,243,303,177,273,192,259,133,182,50
2025-01-02,2025,1,Thursday,0,1,1,6.8,9.7,520.7,28.2,965.2,5990,851,795,550,864,595,328,227,236,248,157,276,193,258,185,202,25
2025-01-03,2025,1,Friday,0,0,1,1.1,1.9,43.1,31.6,970.4,10626,1546,1526,931,1206,1085,635,373,436,498,264,483,339,472,358,389,85
2025-01-04,2025,1,Saturday,1,0,1,-1.7,0.0,351.6,32.9,968.2,8393,1235,1189,744,1096,909,409,322,315,365,201,374,219,371,263,331,50
2025-01-05,2025,1,Sunday,1,0,1,4.6,6.6,648.8,27.4,956.0,6184,922,790,583,736,645,436,264,220,301,176,328,142,247,132,224,38
2025-01-06,2025,1,Monday,0,0,0,8.1,11.5,319.3,38.5,950.1,20798,2707,2468,2002,1832,1716,1821,1149,1191,978,716,940,808,755,645,785,285
2025-01-07,2025,1,Tuesday,0,0,0,6.1,7.9,111.0,47.3,957.1,23573,3243,2868,2290,1928,1881,1998,1345,1449,1115,789,980,1022,796,733,822,314
2025-01-08,2025,1,Wednesday,0,0,0,7.2,12.1,715.1,18.5,955.3,17683,2369,2194,1856,1592,1575,1376,777,1013,879,557,798,696,642,515,654,190
2025-01-09,2025,1,Thursday,0,0,0,8.4,11.8,175.5,43.0,955.6,22080,3063,2779,2146,2017,1816,1757,1132,1277,1017,726,915,920,778,671,779,287
2025-01-10,2025,1,Friday,0,0,0,2.7,3.6,0.0,29.0,968.1,21467,3087,2921,2051,1875,1897,1638,978,1092,956,674,973,785,841,660,763,276
2025-01-11,2025,1,Saturday,1,0,0,0.3,2.4,0.0,78.1,972.1,14719,2125,2125,1443,1577,1453,806,740,613,637,449,691,442,584,479,464,91
2025-01-12,2025,1,Sunday,1,0,0,-0.7,2.1,0.0,68.1,982.2,9765,1328,1221,935,1160,1027,614,481,473,513,316,393,330,376,259,278,61
2025-01-13,2025,1,Monday,0,0,0,-2.0,-0.6,0.0,54.5,984.4,22250,2902,2603,2253,2032,1929,1828,1085,1375,1015,776,993,834,795,646,890,294
2025-01-14,2025,1,Tuesday,0,0,0,-1.9,0.5,0.0,57.7,981.7,23847,3368,2714,2330,2139,2020,1938,1240,1485,1113,780,1019,986,824,758,845,288
2025-01-15,2025,1,Wednesday,0,0,0,-0.1,2.8,0.0,47.0,979.1,22810,3194,2638,2319,2011,1973,1835,1112,1274,1071,756,1003,894,859,714,895,262
2025-01-16,2025,1,Thursday,0,0,0,2.7,4.0,0.0,51.4,980.6,24889,3321,3045,2491,2263,2060,2070,1199,1403,1194,875,1117,953,893,740,956,309
2025-01-17,2025,1,Friday,0,0,0,1.6,2.6,0.0,21.8,981.9,21632,3112,2850,2082,2121,2040,1696,964,1113,922,694,910,709,790,683,683,263
2025-01-18,2025,1,Saturday,1,0,0,0.3,1.9,0.0,49.1,977.0,13500,1996,2000,1292,1529,1524,747,520,567,536,391,544,356,556,403,448,91
2025-01-19,2025,1,Sunday,1,0,0,-0.0,1.6,0.0,38.3,970.3,9860,1365,1238,1023,1077,1091,637,461,464,458,363,407,312,397,201,301,65
2025-01-20,2025,1,Monday,0,0,0,-0.4,2.2,0.0,61.5,968.1,22808,3045,2736,2272,1880,2042,1963,1140,1357,1054,782,988,886,838,627,880,318
2025-01-21,2025,1,Tuesday,0,0,0,-0.1,1.5,0.0,45.6,966.2,24834,3367,3025,2448,2173,2184,2060,1228,1469,1149,845,1075,1001,892,738,857,323
2025-01-22,2025,1,Wednesday,0,0,0,0.6,2.7,143.4,20.3,960.0,23176,3090,2811,2399,2022,2045,1846,1090,1327,1142,740,1038,895,886,690,843,312
2025-01-23,2025,1,Thursday,0,0,0,4.4,6.4,161.9,23.3,960.3,20573,2927,2544,2057,1853,1862,1508,857,1118,980,638,903,753,829,638,890,216
2025-01-24,2025,1,Friday,0,0,0,6.9,11.3,0.0,69.8,963.3,23673,3314,3031,2298,2203,2146,1791,1125,1246,1110,794,1089,872,891,739,766,258
2025-01-25,2025,1,Saturday,1,0,0,10.0,15.6,0.0,65.0,959.5,17401,2514,2608,1663,1615,1888,1028,956,792,729,612,731,530,658,479,496,102
2025-01-26,2025,1,Sunday,1,0,0,8.0,9.8,102.6,92.3,960.2,13667,1874,1612,1432,1312,1339,941,941,702,706,547,621,477,476,252,323,112
2025-01-27,2025,1,Monday,0,0,0,7.4,9.5,975.5,22.8,953.2,13460,1718,1564,1270,1269,1174,1111,670,837,599,413,574,611,503,365,595,187
2025-01-28,2025,1,Tuesday,0,0,0,6.2,7.8,536.0,35.0,951.4,20747,2851,2552,1990,1892,1857,1592,937,1263,962,680,891,918,729,594,796,243
2025-01-29,2025,1,Wednesday,0,0,0,7.1,9.5,50.0,83.7,959.6,25582,3545,3308,2531,2267,2115,2005,1293,1453,1210,889,1073,1062,845,755,885,346
2025-01-30,2025,1,Thursday,0,0,0,5.3,8.5,130.1,49.6,965.2,26490,3811,3375,2503,2191,2110,2122,1345,1530,1230,976,1194,1117,912,809,931,334
2025-01-31,2025,1,Friday,0,0,0,5.0,6.5,149.1,21.8,974.6,19460,2770,2553,1773,1790,1899,1410,885,976,852,537,900,708,816,574,798,219
2025-02-01,2025,2,Saturday,1,0,0,2.6,3.9,0.0,23.2,974.5,14353,2176,2072,1244,1441,1552,865,569,620,597,458,645,461,593,505,458,97
2025-02-02,2025,2,Sunday,1,0,0,2.3,3.2,0.0,15.6,971.8,10286,1527,1324,1044,970,1060,656,506,502,548,355,473,356,400,203,290,72
2025-02-03,2025,2,Monday,0,0,0,2.6,3.3,0.0,41.8,974.8,23406,3086,2762,2298,1951,1990,1988,1168,1482,1152,901,1005,1024,789,639,878,293
2025-02-04,2025,2,Tuesday,0,0,0,2.6,5.3,0.0,86.0,977.4,27088,3694,3210,2638,2467,2281,2194,1422,1610,1297,972,1137,1156,901,768,971,370
2025-02-05,2025,2,Wednesday,0,0,0,-0.3,1.6,0.0,41.3,984.0,24868,3354,2958,2391,2228,2223,2012,1259,1487,1202,829,1058,1020,842,784,901,320
2025-02-06,2025,2,Thursday,0,0,0,1.5,2.2,21.0,12.2,981.4,24074,3359,2904,2304,2221,2011,1937,1244,1403,1107,851,997,984,833,695,888,336
2025-02-07,2025,2,Friday,0,0,0,2.7,4.9,20.3,89.8,971.6,22917,3327,2933,2239,2150,2158,1630,1078,1172,1007,758,996,776,920,682,796,295
2025-02-08,2025,2,Saturday,1,0,1,3.0,7.9,9.1,100.7,969.6,14948,2334,2070,1410,1479,1503,877,782,603,635,536,689,441,612,434,439,104
2025-02-09,2025,2,Sunday,1,0,1,5.2,8.1,0.0,74.8,974.1,11159,1585,1341,1219,1072,1198,694,639,563,605,477,477,361,389,205,260,74
2025-02-10,2025,2,Monday,0,0,1,4.5,7.5,246.8,57.8,971.4,18767,2661,2361,1798,1773,1562,1476,963,1051,875,642,816,562,690,546,705,286
2025-02-11,2025,2,Tuesday,0,0,1,6.4,8.1,1012.4,25.4,969.1,15492,2153,1901,1580,1523,1425,1163,779,866,781,440,653,441,596,443,552,196
2025-02-12,2025,2,Wednesday,0,0,1,8.5,11.0,110.5,60.7,966.4,19376,2805,2403,1970,1730,1772,1573,887,1027,990,614,874,584,691,592,635,229
2025-02-13,2025,2,Thursday,0,0,1,6.6,9.1,449.7,18.7,965.4,15560,2201,2043,1562,1543,1417,1153,663,856,744,483,711,492,588,401,517,186
2025-02-14,2025,2,Friday,0,0,1,0.5,3.0,23.0,18.2,970.3,14163,1978,1842,1326,1710,1471,921,506,676,650,377,697,400,614,365,491,139
2025-02-15,2025,2,Saturday,1,0,1,-0.5,1.1,0.0,92.9,969.0,11236,1618,1461,1009,1358,1127,541,401,434,432,284,477,335,433,257,1004,65
2025-02-16,2025,2,Sunday,1,0,1,0.6,2.7,0.0,76.4,965.0,8995,1317,1143,972,948,918,589,430,353,494,307,410,284,374,157,241,58
2025-02-17,2025,2,Monday,0,0,1,1.2,2.1,0.0,32.1,968.0,18949,2546,2293,1805,1794,1580,1435,877,1161,904,643,859,867,715,528,678,264
2025-02-18,2025,2,Tuesday,0,0,1,1.2,2.4,0.0,35.4,970.2,21039,2974,2659,2004,1947,1760,1532,1005,1283,1048,682,955,926,759,611,664,230
2025-02-19,2025,2,Wednesday,0,0,1,1.5,5.7,0.0,90.5,971.9,21185,3029,2742,2051,1888,1814,1524,973,1255,1041,628,958,935,761,635,699,252
2025-02-20,2025,2,Thursday,0,0,1,4.2,9.2,51.9,58.1,975.0,21671,3052,2784,2127,1882,1911,1513,1068,1301,1052,727,965,894,750,687,689,269
2025-02-21,2025,2,Friday,0,0,1,6.8,13.3,0.0,128.8,972.6,21606,3228,2946,2067,2092,1935,1349,1065,1155,995,750,949,812,787,639,588,249
2025-02-22,2025,2,Saturday,1,0,1,9.1,14.6,0.0,99.2,970.2,17529,2547,2475,1697,1729,1755,1013,1129,770,756,544,817,567,684,431,486,129
2025-02-23,2025,2,Sunday,1,0,1,8.8,10.5,237.0,34.2,977.8,10081,1432,1274,1096,1098,1029,642,487,563,544,330,421,355,335,172,241,62
2025-02-24,2025,2,Monday,0,0,0,8.4,10.9,0.0,71.8,973.9,26214,3614,3181,2454,2081,2153,2191,1395,1662,1209,994,1126,1182,917,816,871,368
2025-02-25,2025,2,Tuesday,0,0,0,8.9,10.3,115.6,47.1,964.6,27291,3831,3366,2570,2269,2310,2177,1386,1712,1291,998,1131,1192,955,817,911,375
2025-02-26,2025,2,Wednesday,0,0,0,5.8,8.0,366.4,29.2,968.3,21854,2977,2662,2208,2032,1913,1673,929,1333,1104,677,988,1014,803,601,692,248
2025-02-27,2025,2,Thursday,0,0,0,4.2,5.5,208.3,45.5,968.7,22953,3210,2941,2218,2206,1902,1776,1101,1307,1104,752,931,970,789,743,763,240
2025-02-28,2025,2,Friday,0,0,0,4.8,6.8,0.0,79.0,971.3,25006,3598,3247,2491,2228,2255,1926,1241,1380,1065,819,1127,924,879,746,813,267
2025-03-01,2025,3,Saturday,1,0,0,4.2,5.5,0.0,48.2,973.8,15810,2473,2276,1553,1551,1565,883,726,736,719,458,731,499,685,462,418,75
2025-03-02,2025,3,Sunday,1,0,0,4.4,8.2,0.0,115.9,977.0,13298,1832,1617,1453,1242,1273,815,840,735,744,435,592,473,567,271,332,77
2025-03-03,2025,3,Monday,0,0,0,5.3,11.2,0.0,170.3,975.6,28169,3740,3467,2680,2433,2317,2296,1544,1821,1320,1051,1157,1299,904,801,900,439
2025-03-04,2025,3,Tuesday,0,0,0,6.8,13.1,0.0,171.8,973.9,32155,4344,3925,3076,2660,2613,2526,1902,2056,1455,1246,1347,1433,1055,968,1067,482
2025-03-05,2025,3,Wednesday,0,0,0,8.0,15.4,0.0,174.3,973.4,32593,4316,3985,3286,2785,2651,2612,1956,2080,1568,1205,1383,1353,1042,906,1036,429
2025-03-06,2025,3,Thursday,0,0,0,9.5,16.4,0.0,173.7,970.6,33969,4645,4188,3308,2871,2643,2697,2069,2168,1572,1287,1393,1476,1112,985,1086,469
2025-03-07,2025,3,Friday,0,0,0,9.8,15.8,0.0,177.3,967.3,30855,4379,3977,2989,2844,2640,2416,1807,1752,1372,1095,1263,1163,1091,829,908,330
2025-03-08,2025,3,Saturday,1,0,0,10.4,16.8,0.0,181.1,961.6,24284,3505,3376,2370,2348,2205,1429,1836,1220,1015,900,1006,790,921,599,608,156
2025-03-09,2025,3,Sunday,1,0,0,12.2,19.2,0.0,168.8,953.4,18792,2476,2221,1996,1307,1633,1224,1943,1130,1019,849,664,666,681,363,440,180
2025-03-11,2025,3,Tuesday,0,0,0,9.9,14.9,0.8,141.3,951.8,33653,4476,4285,3218,3003,2572,2848,1980,2212,1501,1213,1393,1411,1115,936,1077,413
2025-03-12,2025,3,Wednesday,0,0,0,8.0,9.4,447.3,57.7,947.4,23630,3240,2730,2353,2246,2031,1819,1171,1491,1150,786,975,1031,826,658,853,270
2025-03-13,2025,3,Thursday,0,0,0,6.6,9.7,157.6,63.3,946.3,24351,3497,3158,2348,2286,1959,1790,1122,1452,1156,775,1130,939,917,733,810,279
2025-03-14,2025,3,Friday,0,0,0,5.0,7.0,43.5,87.0,953.1,25934,3680,3457,2562,2565,2215,1931,1215,1419,1104,821,1154,970,956,700,864,321
2025-03-15,2025,3,Saturday,1,0,0,5.6,7.2,38.6,28.4,956.7,15837,2418,2375,1616,1629,1635,837,654,726,728,428,721,485,615,402,484,84
2025-03-16,2025,3,Sunday,1,0,0,4.5,5.3,567.6,49.6,963.8,9007,1344,1172,913,957,941,531,464,424,478,265,393,304,391,162,214,54
2025-03-17,2025,3,Monday,0,0,0,5.4,8.6,0.0,169.1,970.3,27038,3537,3204,2660,2483,2149,2273,1439,1794,1253,1051,1176,874,1010,749,983,403
2025-03-18,2025,3,Tuesday,0,0,0,5.0,10.1,0.0,201.8,972.5,32131,4335,3795,3228,2860,2634,2681,1866,2106,1573,1222,1296,1069,1033,1006,973,454
2025-03-19,2025,3,Wednesday,0,0,0,8.2,15.9,0.0,214.5,974.2,34099,4589,4038,3526,2924,2759,2739,2018,2172,1694,1279,1478,1187,1122,1047,1087,440
2025-03-20,2025,3,Thursday,0,0,0,11.3,18.6,0.0,186.2,972.6,35607,4849,4357,3453,3223,2734,2969,2200,2210,1652,1393,1477,1259,1169,1042,1139,481
2025-03-21,2025,3,Friday,0,0,0,12.4,17.5,0.0,129.4,963.8,31289,4353,4045,3116,2880,2725,2526,1764,1743,1458,1107,1326,992,1063,872,934,385
2025-03-22,2025,3,Saturday,1,0,0,15.4,20.0,0.0,198.0,954.3,27635,3809,3570,2689,2666,2607,1671,2295,1515,1182,956,1153,820,1053,788,667,194
2025-03-23,2025,3,Sunday,1,0,0,12.0,14.5,176.3,122.9,955.1,15411,2253,1893,1536,1553,1503,918,1051,763,715,597,658,448,604,426,370,123
2025-03-24,2025,3,Monday,0,0,0,11.8,15.1,143.0,156.5,962.1,26402,3576,3193,2547,2437,2167,2182,1503,1617,1243,921,1111,1030,933,690,960,292
2025-03-25,2025,3,Tuesday,0,0,0,10.3,13.0,190.7,111.1,967.6,29326,3913,3563,2846,2627,2348,2382,1627,1917,1471,1053,1212,1102,971,872,1044,378
2025-03-26,2025,3,Wednesday,0,0,0,9.8,11.9,401.5,71.4,968.3,25290,3371,2991,2378,2319,2211,1984,1241,1573,1419,865,1065,976,921,718,995,263
2025-03-27,2025,3,Thursday,0,0,0,8.8,10.7,1.6,86.5,966.6,31482,4437,3913,3079,2676,2452,2561,1647,1978,1538,1097,1332,1188,1108,1037,1050,389
2025-03-28,2025,3,Friday,0,0,0,8.9,11.3,0.1,84.2,960.9,30115,4182,3781,3128,2675,2674,2220,1657,1702,1495,986,1310,1053,1148,879,893,332
2025-03-29,2025,3,Saturday,1,0,0,9.4,10.9,554.1,60.5,963.4,14054,2150,2003,1510,1639,1496,653,525,567,786,339,565,417,577,341,432,54
2025-03-30,2025,3,Sunday,1,0,0,10.8,15.0,0.0,179.3,968.9,18262,2335,1991,2029,1604,2060,1229,1487,965,1060,714,689,542,610,387,416,144
2025-03-31,2025,3,Monday,0,0,0,9.8,12.0,0.0,195.5,971.3,30645,4083,3734,3042,2477,2532,2542,1682,1940,1543,1131,1336,1165,1072,948,1022,396
2025-04-01,2025,4,Tuesday,0,0,0,7.8,10.8,0.0,220.9,967.6,34483,4711,4056,3343,2822,2882,2932,1951,2377,1626,1196,1492,1281,1216,990,1158,450
2025-04-02,2025,4,Wednesday,0,0,0,11.2,17.2,0.0,246.2,964.3,35912,4865,4270,3668,2945,3130,2912,2210,2234,1801,1267,1487,1282,1239,998,1188,416
2025-04-03,2025,4,Thursday,0,0,0,13.2,19.3,0.0,246.1,968.9,38400,5337,4568,3789,2928,3365,3134,2491,2370,1831,1428,1681,1370,1317,1134,1154,503
2025-04-04,2025,4,Friday,0,0,0,14.7,20.6,0.0,251.7,966.1,36979,5132,4764,3830,3090,3303,2947,2473,1953,1670,1281,1559,1217,1302,993,1040,425
2025-04-05,2025,4,Saturday,1,0,0,15.4,20.9,0.0,252.7,962.7,30287,4153,4002,3052,2428,2949,1807,2878,1361,1294,1242,1228,947,1135,823,751,237
2025-04-06,2025,4,Sunday,1,0,0,9.7,13.7,0.0,266.6,966.7,19871,2595,2332,2154,1477,2022,1361,1776,1051,990,851,820,662,732,405,464,179
2025-04-07,2025,4,Monday,0,0,0,8.4,13.8,0.0,266.4,969.9,32926,4337,3927,3314,2765,2636,2879,1950,2058,1559,1233,1390,1301,1141,976,1079,381
2025-04-08,2025,4,Tuesday,0,0,0,10.0,15.4,0.0,262.8,971.8,37887,4966,4504,3636,3096,3010,3135,2427,2675,1758,1464,1690,1408,1319,1149,1220,430
2025-04-09,2025,4,Wednesday,0,0,0,11.6,16.7,0.0,256.5,969.9,37931,5200,4604,3929,3069,2979,3074,2361,2305,1773,1520,1637,1408,1311,1089,1205,467
2025-04-10,2025,4,Thursday,0,0,0,12.7,17.9,0.0,260.9,972.8,39597,5404,4914,3905,3238,3171,3223,2535,2400,1890,1492,1739,1417,1389,1157,1188,535
2025-04-11,2025,4,Friday,0,0,0,14.3,21.1,0.0,267.9,969.0,38041,5179,4635,3699,3273,3290,2997,2677,2179,1765,1441,1645,1300,1376,1096,1030,459
2025-04-12,2025,4,Saturday,1,0,0,15.5,20.7,0.0,224.2,961.0,31382,4324,3997,3371,2784,2874,1894,2638,1617,1503,1079,1312,965,1170,878,734,242
2025-04-13,2025,4,Sunday,1,0,0,15.0,17.2,122.8,101.1,959.4,17713,2350,2054,1722,2071,1652,1338,1215,789,874,793,666,531,647,477,457,77
2025-04-14,2025,4,Monday,0,0,0,15.9,19.8,260.5,214.4,957.5,31032,4200,3806,3162,2541,2468,2494,1755,1902,1443,1197,1326,1282,1085,908,1039,424
2025-04-15,2025,4,Tuesday,0,0,0,15.8,20.0,25.0,190.1,951.6,38664,5065,5492,3760,3100,2928,3049,2357,2491,1839,1340,1644,1573,1287,1075,1153,511
2025-04-16,2025,4,Wednesday,0,0,0,12.1,15.5,269.2,110.2,956.9,31908,4382,3896,3245,2712,2550,2564,1783,1934,1580,1141,1404,1363,1102,895,933,424
2025-04-17,2025,4,Thursday,0,0,1,9.0,10.4,432.4,54.6,958.2,19890,2980,2611,1972,1878,1782,1627,821,964,860,555,866,689,726,619,735,205
2025-04-18,2025,4,Friday,0,1,1,8.8,11.3,67.7,109.4,963.2,13844,1934,1761,1572,1354,1299,954,964,575,674,495,623,413,479,334,315,98
2025-04-19,2025,4,Saturday,1,0,1,13.0,20.6,0.0,276.3,957.2,20328,2676,2584,1951,2060,1869,1279,1805,859,917,732,845,641,790,610,559,151
2025-04-20,2025,4,Sunday,1,0,1,11.6,14.4,98.2,167.3,957.4,10617,1404,1247,1172,1280,922,679,809,455,554,412,426,316,391,247,235,68
2025-04-21,2025,4,Monday,0,1,1,11.9,17.0,0.0,206.8,962.4,14690,1935,1612,1571,1414,1332,1082,1385,705,736,601,588,469,462,333,352,113
2025-04-22,2025,4,Tuesday,0,0,1,14.2,18.6,0.0,231.7,966.9,30310,4133,3670,2922,2526,2330,2472,2114,1750,1364,1172,1311,1215,996,1029,886,420
2025-04-23,2025,4,Wednesday,0,0,1,12.9,19.1,319.7,219.9,964.5,24153,3363,2892,2396,2262,1911,1902,1455,1260,1204,926,1108,932,777,798,648,319
2025-04-24,2025,4,Thursday,0,0,1,11.0,13.8,231.8,114.6,966.5,24452,3442,3086,2444,2175,1924,1830,1283,1357,1183,807,1078,920,833,714,1101,275
2025-04-25,2025,4,Friday,0,0,1,10.6,13.2,711.9,135.3,966.6,18084,2622,2382,1779,1975,1567,1340,809,873,851,496,891,653,637,529,524,156
2025-04-26,2025,4,Saturday,1,0,1,12.4,15.9,0.0,162.5,965.9,20704,2970,2933,1942,2004,1781,1238,1621,885,905,639,1001,594,886,639,510,156
2025-04-27,2025,4,Sunday,1,0,1,13.5,18.2,0.0,232.1,970.1,19092,2572,2292,2015,1540,1634,1287,1908,906,919,862,841,620,694,360,467,175
2025-04-28,2025,4,Monday,0,0,1,16.4,22.0,0.0,288.6,972.3,27834,3846,3578,2976,1256,2366,1840,2171,1669,1464,1320,1264,1157,1038,825,749,315
2025-04-29,2025,4,Tuesday,0,0,1,18.3,24.0,0.0,303.2,971.9,36396,5020,4536,3593,3244,2604,2833,2538,2123,1713,1465,1545,1549,1270,997,871,495
2025-04-30,2025,4,Wednesday,0,0,1,18.9,24.7,0.0,296.8,970.4,36834,5192,4810,3705,3093,2704,2672,2565,2087,1678,1476,1645,1487,1277,1061,914,468
2025-05-01,2025,5,Thursday,0,1,1,19.7,25.9,0.0,299.3,968.9,29000,4403,4043,2571,2164,2211,1835,3008,1416,1170,1240,1425,954,1001,718,578,263
2025-05-02,2025,5,Friday,0,0,1,21.2,27.8,0.0,289.6,966.8,34365,4908,4432,3236,3235,2671,2215,2994,1710,1427,1414,1538,1178,1187,970,866,384
2025-05-03,2025,5,Saturday,1,0,1,19.3,22.2,281.9,196.7,963.3,22265,3363,3411,2066,1959,2092,1216,1496,951,940,745,1066,699,860,687,571,143
2025-05-04,2025,5,Sunday,1,0,1,14.4,18.4,698.3,101.1,958.9,10061,1334,1320,1042,1019,974,697,583,492,527,379,473,315,408,202,233,63
2025-05-05,2025,5,Monday,0,0,0,8.5,9.8,908.4,59.0,958.8,15614,2064,1770,1488,1589,1321,1319,778,916,723,529,699,620,559,402,660,177
2025-05-06,2025,5,Tuesday,0,0,0,9.1,11.0,216.8,67.2,962.6,24315,3201,2921,2392,2315,1971,1929,1284,1501,1086,872,1091,975,943,725,856,253
2025-05-07,2025,5,Wednesday,0,0,0,10.6,12.8,3.7,100.0,962.7,30137,4103,3567,3052,2595,2464,2338,1723,1857,1425,1095,1416,1277,1114,807,945,359
2025-05-08,2025,5,Thursday,0,0,0,12.2,16.2,0.0,208.2,962.0,36113,4862,4513,3435,2990,2747,2997,2204,2188,1712,1355,1653,1445,1305,1107,1140,460
2025-05-09,2025,5,Friday,0,0,0,11.6,15.0,0.1,204.7,965.0,34344,4810,4476,3378,3064,2841,2714,1958,1864,1478,1279,1424,1292,1265,1005,1093,403
2025-05-10,2025,5,Saturday,1,0,0,14.3,20.0,0.0,322.6,966.5,32692,4538,4292,3552,2742,2919,1975,2815,1443,1476,1390,1378,1027,1302,849,726,268
2025-05-11,2025,5,Sunday,1,0,0,17.2,22.7,0.0,326.0,961.9,26745,3308,2804,2723,2355,2022,1886,3537,1415,1338,1262,981,859,891,429,657,278
2025-05-12,2025,5,Monday,0,0,0,16.0,21.6,180.1,245.4,961.8,33552,4356,3966,3201,2867,2543,2792,2248,2140,1634,1314,1428,1510,1054,959,1082,458
2025-05-13,2025,5,Tuesday,0,0,0,15.5,19.2,0.0,217.8,965.0,41435,5470,4949,4108,3269,2979,3488,2828,2671,2038,1659,1781,1811,1398,1190,1240,556
2025-05-14,2025,5,Wednesday,0,0,0,16.8,22.0,0.0,332.0,965.6,44331,5878,5167,4389,3536,3325,3521,3279,2806,2141,1746,1870,1982,1513,1253,1314,611
2025-05-15,2025,5,Thursday,0,0,0,17.0,23.1,0.0,291.4,963.5,44296,5942,5324,4384,3510,3304,3487,3130,2739,2146,1721,1912,1944,1511,1326,1305,611
2025-05-16,2025,5,Friday,0,0,0,14.4,17.7,0.0,301.8,966.0,39454,5472,5012,3867,3258,3143,3001,2704,2231,1839,1586,1675,1505,1393,1192,1073,503
2025-05-17,2025,5,Saturday,1,0,0,15.7,19.5,20.6,242.5,964.9,30422,4350,4038,3063,2528,2694,1878,2443,1459,1386,1156,1320,916,1212,1025,699,255
2025-05-18,2025,5,Sunday,1,0,0,16.5,20.7,0.0,304.4,965.4,26096,3131,2945,2688,2239,2187,1778,3070,1371,1291,1238,1034,874,896,536,550,268
2025-05-19,2025,5,Monday,0,0,0,18.2,23.6,0.0,308.4,965.4,40943,5340,4963,3988,3290,3112,3445,3076,2555,1950,1600,1713,1643,1285,1120,1229,634
2025-05-20,2025,5,Tuesday,0,0,0,17.2,22.2,496.0,219.5,964.6,32251,4397,3967,3172,2661,2514,2680,2243,1929,1550,1091,1335,1226,1012,950,1035,489
2025-05-21,2025,5,Wednesday,0,0,0,14.6,16.6,534.5,110.0,963.9,24733,3346,3233,2574,2263,2060,1888,1333,1360,1286,751,1082,934,813,683,819,308
2025-05-22,2025,5,Thursday,0,0,0,11.6,12.3,522.8,61.8,962.4,23935,2993,5336,2001,1893,1766,1549,1047,1237,1000,724,1044,831,774,670,826,244
2025-05-23,2025,5,Friday,0,0,0,13.2,16.7,0.2,245.3,966.0,35203,4666,4223,3486,2997,2807,2762,2235,1967,1524,1817,1468,1357,1108,1305,1038,443
2025-05-24,2025,5,Saturday,1,0,0,13.9,18.1,187.4,313.4,968.2,30165,4000,3810,2805,2848,2615,1975,2366,1357,1276,1832,1217,975,964,1084,790,251
2025-05-25,2025,5,Sunday,1,0,0,15.0,18.8,279.3,136.3,967.2,16978,2129,2148,1780,1512,1594,1165,1116,851,823,1126,668,527,510,507,410,112
2025-05-26,2025,5,Monday,0,0,0,15.2,16.4,177.4,108.6,969.4,27307,3467,2925,2728,2276,2179,2343,1665,1742,1364,1231,1133,1200,868,812,1005,369
2025-05-27,2025,5,Tuesday,0,0,0,15.7,18.5,0.0,165.2,971.4,37515,4927,4002,3735,3087,2748,3141,2515,2483,1878,1748,1554,1582,1141,1200,1226,548
2025-05-28,2025,5,Wednesday,0,0,0,15.4,18.0,501.1,79.5,971.0,26475,3527,2889,2749,2346,2220,1992,1594,1623,1256,1174,1068,1161,825,797,992,262
2025-05-29,2025,5,Thursday,0,1,0,17.1,21.2,0.0,259.9,973.6,22668,2780,2332,2363,2002,1949,1592,2719,1078,1098,1239,857,749,654,590,444,222
2025-05-30,2025,5,Friday,0,0,0,20.7,27.7,0.0,350.3,972.0,31814,4122,3605,2970,3102,2454,2177,3375,1470,1264,1759,1328,1104,950,946,742,446
2025-05-31,2025,5,Saturday,1,0,0,23.0,29.8,76.5,333.7,969.2,29520,3949,3120,2940,2682,2512,1889,3633,1238,1231,1609,1201,936,894,709,601,376
2025-06-01,2025,6,Sunday,1,0,0,21.6,28.2,63.6,265.2,966.8,21309,2630,2161,2267,1983,1639,1448,2617,1091,1012,1238,742,712,582,495,434,258
2025-06-02,2025,6,Monday,0,0,0,18.2,21.1,624.7,126.7,967.3,21030,2867,2449,2099,1971,1776,1645,1080,1291,1029,865,786,885,634,595,804,254
2025-06-03,2025,6,Tuesday,0,0,0,19.4,24.5,147.8,224.2,965.2,34812,4633,3903,3364,2996,2774,2951,2330,2077,1707,1589,1459,1391,828,1035,1254,521
2025-06-04,2025,6,Wednesday,0,0,0,18.3,22.5,138.3,159.8,962.4,27860,3823,2929,2888,2448,2332,2171,1720,1562,1428,1210,1184,1139,849,825,1000,352
2025-06-05,2025,6,Thursday,0,0,0,17.8,20.2,114.3,138.2,964.6,33642,4488,3741,3518,2831,2654,2515,2159,2057,1803,1546,1403,1361,845,1085,1196,440
2025-06-06,2025,6,Friday,0,0,0,20.0,23.8,176.3,208.4,965.1,31941,4376,3547,3137,2903,2787,2486,2189,1819,1555,1454,1201,1254,956,926,944,407
2025-06-07,2025,6,Saturday,1,0,0,16.7,18.9,580.4,86.3,964.9,13945,2037,1947,1363,1582,1521,744,638,522,666,526,579,424,530,420,363,83
2025-06-08,2025,6,Sunday,1,0,0,16.8,19.4,108.7,249.2,968.2,16507,2149,1703,1565,1667,1568,1113,1546,776,850,887,633,533,539,427,414,137
2025-06-09,2025,6,Monday,0,1,0,17.9,22.6,0.0,334.3,972.6,24775,2727,2089,2346,2185,2065,1944,3811,1195,1087,1692,827,807,682,515,488,315
2025-06-10,2025,6,Tuesday,0,0,0,19.6,25.1,0.0,301.2,969.4,42346,5608,4336,4112,3296,3282,3524,3362,2654,2034,2282,1671,1701,1184,1301,1321,678
2025-06-11,2025,6,Wednesday,0,0,0,21.6,26.7,0.0,339.1,968.5,46078,6070,4713,4684,3566,3451,3620,4106,2744,2114,2479,1857,1804,1388,1260,1448,774
2025-06-12,2025,6,Thursday,0,0,0,23.4,30.2,0.0,341.7,966.9,47890,6599,4862,4800,3868,3510,3768,4272,2792,2289,2669,1905,1801,1378,1281,1336,760
2025-06-13,2025,6,Friday,0,0,0,26.1,32.2,0.0,335.9,969.0,46707,6492,4701,4656,3809,3927,3359,4359,2862,2062,2521,1844,1562,1580,1191,1140,642
2025-06-14,2025,6,Saturday,1,0,0,27.2,32.6,0.0,315.1,969.3,36293,5262,3912,3371,2951,2938,2098,5131,1583,1475,1994,1404,1002,1189,889,659,435
2025-06-15,2025,6,Sunday,1,0,0,22.6,28.6,141.5,231.1,970.3,20943,2989,2184,2259,1621,1761,1304,2371,1148,1062,1090,686,580,630,368,641,249
2025-06-16,2025,6,Monday,0,0,0,19.8,22.7,0.0,318.7,975.1,38407,4954,4076,3952,2956,3041,3314,2744,2371,1871,1975,1499,1545,1173,1092,1256,588
2025-06-17,2025,6,Tuesday,0,0,0,21.3,26.0,0.0,355.3,973.2,47136,6154,4686,4834,3479,3725,3785,4249,2873,2179,2566,1835,1945,1382,1187,1433,824
2025-06-18,2025,6,Wednesday,0,0,0,23.0,28.6,0.0,340.6,972.0,48173,6427,4848,4804,3744,4018,3793,4355,2848,2290,2713,1843,1755,1380,1193,1380,782
2025-06-19,2025,6,Thursday,0,0,0,24.4,29.3,0.0,351.3,971.5,49168,6831,5004,4875,3748,3499,3801,4692,2889,2245,2754,1972,1851,1556,1285,1334,832
2025-06-20,2025,6,Friday,0,0,0,24.3,28.8,0.0,349.2,971.0,43972,5979,4561,4208,3447,3205,3159,4839,2428,1951,2391,1759,1612,1374,1120,1228,711
2025-06-21,2025,6,Saturday,1,0,0,24.2,29.6,0.0,333.1,969.8,33002,4533,3512,2893,2857,2534,2138,4353,1531,1366,1879,1245,1023,1071,989,695,383
2025-06-22,2025,6,Sunday,1,0,0,26.3,32.6,0.0,353.8,968.4,29416,3838,2637,2778,2383,1939,1811,5193,1386,1372,1782,1015,899,840,538,522,483
2025-06-23,2025,6,Monday,0,0,0,25.6,28.6,59.1,257.7,966.2,38528,5114,3954,3808,3058,3040,3059,3097,2292,1916,2058,1613,1509,1127,953,1219,711
2025-06-24,2025,6,Tuesday,0,0,0,24.5,29.2,0.0,351.6,967.2,48251,6669,4933,4739,3631,3736,3852,4425,2816,2338,2579,1877,1830,1398,1193,1419,816
2025-06-25,2025,6,Wednesday,0,0,0,26.5,32.7,0.0,341.9,965.5,47821,6569,4863,4763,3755,3429,3665,4658,2979,2191,2719,1822,1683,1338,1167,1392,828
2025-06-26,2025,6,Thursday,0,0,0,22.9,27.1,149.5,173.3,968.0,34716,4959,3960,3460,2636,2866,2774,2204,1979,1763,1732,1419,1333,1067,966,1117,481
2025-06-27,2025,6,Friday,0,0,0,23.8,27.8,0.0,270.6,973.7,42290,5852,4510,4238,3443,3168,3313,3834,2278,1925,2289,1689,1655,1314,1051,1118,613
2025-06-28,2025,6,Saturday,1,0,0,26.0,31.0,0.0,348.4,974.9,34517,4804,3531,3599,2805,2640,2108,4933,1434,1703,1747,1216,1086,990,858,655,408
2025-06-29,2025,6,Sunday,1,0,0,27.8,33.1,0.0,349.1,971.9,25503,3883,2767,2914,2128,1965,1962,1400,1221,1507,1699,1004,850,882,551,500,270
2025-06-30,2025,6,Monday,0,0,0,27.4,32.6,0.0,284.3,967.8,41117,5608,4214,4147,3203,2915,3446,3700,2385,1948,2281,1607,1460,1245,1023,1251,684
2025-07-03,2025,7,Thursday,0,0,0,25.8,30.0,27.5,280.0,971.1,44759,6208,4725,4477,3460,3271,3605,3676,2756,2101,2338,1813,1596,1329,1265,1491,648
2025-07-04,2025,7,Friday,0,0,0,23.4,27.1,70.5,196.7,972.9,39774,5826,4464,3914,3148,3161,3232,3152,2004,1749,1925,1592,1391,1162,1188,1317,549
2025-07-05,2025,7,Saturday,1,0,0,24.7,29.3,0.0,328.7,967.7,33986,4854,3665,3393,2864,2683,2100,4253,1424,1524,1771,1313,1018,1092,904,728,400
2025-07-06,2025,7,Sunday,1,0,0,21.7,26.1,222.2,192.6,962.0,22340,2999,2422,2308,1803,1898,1470,2500,1095,1076,1242,856,680,706,443,585,257
2025-07-07,2025,7,Monday,0,0,0,16.3,18.4,439.2,97.5,959.0,19607,2568,2080,1970,1817,1607,1658,1021,1160,918,909,873,885,546,523,856,216
2025-07-08,2025,7,Tuesday,0,0,0,14.1,16.8,370.9,169.6,965.1,27176,3754,3002,2816,2204,2206,2304,1578,1631,1254,1242,1138,1120,867,743,975,342
2025-07-09,2025,7,Wednesday,0,0,0,17.2,21.2,0.0,245.8,971.0,41101,5369,4189,4406,3161,3181,3529,3158,2408,2063,2028,1615,1748,1188,1160,1256,642
2025-07-10,2025,7,Thursday,0,0,0,19.2,24.0,0.0,331.7,970.4,45680,6284,4721,4677,3448,3697,3746,3562,2544,2214,2282,1868,1851,1431,1234,1395,726
2025-07-11,2025,7,Friday,0,0,0,21.1,25.4,0.0,273.3,966.6,41634,5624,4259,3980,3489,3333,3307,3839,2240,1835,2133,1615,1544,1222,1080,1467,667
2025-07-12,2025,7,Saturday,1,0,1,21.9,26.5,0.0,321.5,963.2,33506,4603,3500,3226,3267,2771,2243,4218,1309,1410,1816,1241,995,1002,849,642,414
2025-07-13,2025,7,Sunday,1,0,1,23.8,28.9,0.0,301.8,962.7,26090,3362,2421,2567,2488,1882,1819,3936,1115,1198,1544,877,785,745,458,510,383
2025-07-14,2025,7,Monday,0,0,1,21.8,24.6,222.0,178.3,968.9,23873,3214,2704,2222,2491,1871,1925,1430,1245,1164,1081,1007,961,747,627,902,282
2025-07-15,2025,7,Tuesday,0,0,1,21.7,25.2,264.3,177.8,969.7,28567,4019,3044,2724,2967,2144,2338,1928,1608,1337,1343,1145,1148,873,751,817,381
2025-07-16,2025,7,Wednesday,0,0,1,20.8,23.8,43.7,146.5,968.0,34375,4570,3689,3368,3294,2476,2863,2412,1979,1673,1747,1417,1422,1025,944,1009,487
2025-07-17,2025,7,Thursday,0,0,1,19.6,24.4,115.8,296.2,967.8,38014,5224,3998,3848,3511,2894,3019,3054,2017,1786,1975,1559,1478,1132,1025,988,506
2025-07-18,2025,7,Friday,0,0,1,22.2,27.5,0.0,323.1,964.4,37742,5320,4185,3800,3553,3044,2731,3497,1781,1613,1819,1485,1278,1218,972,893,553
2025-07-19,2025,7,Saturday,1,0,1,21.4,28.9,122.0,195.4,961.2,22227,3250,2490,1976,2467,1877,1451,2252,850,944,1040,903,661,720,545,576,225
2025-07-20,2025,7,Sunday,1,0,1,21.8,28.8,297.6,244.7,958.4,19587,2581,1980,1819,2053,1377,1308,2775,852,884,1205,701,613,547,289,375,228
2025-07-21,2025,7,Monday,0,0,1,19.5,22.0,359.3,176.9,959.8,22146,3013,2562,2205,2474,1711,1669,1306,1147,1082,1016,954,905,644,608,580,270
2025-07-22,2025,7,Tuesday,0,0,1,20.1,23.7,135.7,229.6,964.9,31083,4208,3415,2979,3293,2266,2494,2228,1708,1432,1524,1290,1305,993,769,758,421
2025-07-23,2025,7,Wednesday,0,0,1,20.9,25.1,90.5,260.1,964.1,35667,4891,3727,3632,3329,2569,2774,2996,1945,1781,1837,1406,1501,1042,935,784,518
2025-07-24,2025,7,Thursday,0,0,1,18.2,20.5,447.8,122.0,964.1,21204,3003,2411,2126,2385,1673,1614,1217,1076,986,861,895,829,747,548,598,235
2025-07-25,2025,7,Friday,0,0,1,18.0,21.8,238.4,200.7,965.8,23362,3288,2743,2326,2667,2028,1598,1553,1042,993,1002,1041,807,787,678,562,247
2025-07-26,2025,7,Saturday,1,0,1,17.9,21.6,273.0,103.1,965.9,14075,1919,1850,1371,1976,1272,784,830,547,645,545,629,435,519,390,261,102
2025-07-27,2025,7,Sunday,1,0,1,18.0,21.5,163.5,149.3,964.6,11242,1580,1249,1224,1512,927,706,827,481,531,508,450,303,396,205,245,98
2025-07-28,2025,7,Monday,0,0,1,15.2,16.4,639.8,80.2,965.8,12803,1735,1473,1105,2033,986,902,485,658,583,523,573,556,419,308,343,121
2025-07-29,2025,7,Tuesday,0,0,1,17.1,20.6,69.0,234.8,969.0,28215,3767,2997,2809,2918,2040,2206,2029,1643,1316,1236,1241,1161,891,760,831,370
2025-07-30,2025,7,Wednesday,0,0,1,17.2,21.3,115.6,159.6,968.3,26553,3600,2952,2638,2818,1886,2072,1901,1375,1334,1190,1116,1105,818,667,727,354
2025-07-31,2025,7,Thursday,0,0,1,18.9,22.2,207.1,166.0,968.2,24682,3550,2991,2263,2679,1826,1727,1710,1171,1145,1120,1201,885,819,653,646,296
2025-08-01,2025,8,Friday,0,1,1,19.5,24.6,127.0,210.7,963.8,14939,2016,1653,1534,1586,1118,965,1410,657,720,654,631,435,499,245,663,153
2025-08-02,2025,8,Saturday,1,0,1,15.8,17.4,431.5,136.0,964.6,11039,1587,1458,1110,1375,1012,560,552,581,599,384,518,280,377,320,265,61
2025-08-03,2025,8,Sunday,1,0,1,17.4,20.7,9.3,172.2,970.0,15238,1774,1470,1425,1503,1230,970,1516,1035,803,826,618,502,476,296,662,132
2025-08-04,2025,8,Monday,0,0,1,18.9,22.8,12.1,193.7,971.6,25750,3277,2793,2528,2170,1954,2069,2001,1432,1271,1336,1126,1115,748,750,773,407
2025-08-05,2025,8,Tuesday,0,0,1,21.4,27.2,0.0,213.0,970.4,32667,4400,3441,3225,2772,2414,2741,2694,1920,1544,1587,1370,1401,963,833,853,509
2025-08-06,2025,8,Wednesday,0,0,1,19.7,23.2,0.0,279.3,972.2,34036,4537,3726,3444,3034,2396,2778,2739,1883,1584,1693,1352,1445,1089,908,906,522
2025-08-07,2025,8,Thursday,0,0,1,21.8,28.6,0.0,296.0,969.1,36354,4879,3748,3464,3356,2530,2823,3449,2071,1707,2018,1423,1478,1068,942,832,566
2025-08-08,2025,8,Friday,0,0,1,24.6,31.0,0.0,297.5,969.9,35097,4792,3654,3426,3460,2550,2438,3763,1724,1472,1790,1526,1231,1089,881,769,532
2025-08-09,2025,8,Saturday,1,0,1,26.4,33.4,0.0,292.2,970.5,21282,3598,2690,2645,772,2027,1046,1315,1057,1138,1251,966,765,807,556,520,129
2025-08-10,2025,8,Sunday,1,0,1,25.9,30.2,0.0,293.6,973.2,22776,3012,2259,2354,1886,1597,1355,3266,1186,1110,1341,878,724,742,385,437,244
2025-08-11,2025,8,Monday,0,0,1,24.6,29.4,0.0,290.7,970.4,37652,5026,3626,3690,3205,2644,3137,3410,2223,1764,2227,1467,1625,1084,922,1022,580
2025-08-12,2025,8,Tuesday,0,0,1,26.6,33.2,0.0,280.1,967.5,43250,5824,4088,4388,3712,2933,3441,4235,2653,2073,2380,1676,1823,1262,969,1117,676
2025-08-13,2025,8,Wednesday,0,0,1,27.5,33.8,0.0,268.2,967.2,43129,5705,4209,4228,3587,3025,3331,4473,2522,2029,2525,1697,1722,1273,1049,1047,707
2025-08-14,2025,8,Thursday,0,0,1,27.4,32.0,0.0,274.3,968.7,44299,6000,4379,4040,3802,3009,3384,5328,2439,2000,2499,1703,1677,1260,995,1052,732
2025-08-15,2025,8,Friday,0,0,1,26.2,32.1,0.0,215.8,970.6,38592,5206,3798,3837,3446,2848,2885,4656,2005,1714,1966,1506,1288,1078,886,951,522
2025-08-16,2025,8,Saturday,1,0,1,25.0,29.5,2.0,218.2,969.1,33446,4391,3457,3436,2905,3541,2001,4380,1296,1491,1566,1290,914,1028,777,606,367
2025-08-17,2025,8,Sunday,1,0,1,22.5,26.4,0.0,210.4,967.7,28064,3283,2365,2700,2376,2155,1918,5150,1206,1200,1665,933,824,817,489,571,412
2025-08-18,2025,8,Monday,0,0,0,22.2,27.1,0.0,283.5,966.2,42813,5355,4019,4125,3685,2933,3760,4321,2477,1955,2365,1672,1816,1292,1098,1219,721
2025-08-19,2025,8,Tuesday,0,0,0,23.9,29.5,0.0,265.7,963.4,49363,6388,4603,4835,3973,3270,4235,5531,2912,2291,2729,1947,2017,1396,1156,1248,832
2025-08-20,2025,8,Wednesday,0,0,0,20.7,23.4,477.4,123.8,960.1,29432,3964,3181,2917,2658,2239,2535,2022,1611,1488,1362,1293,1165,902,836,894,365
2025-08-21,2025,8,Thursday,0,0,0,17.1,18.6,1010.7,49.4,959.9,20097,2615,2095,2051,2046,1624,1793,1267,1157,1007,849,803,738,584,504,698,266
2025-08-22,2025,8,Friday,0,0,0,19.5,23.3,0.0,221.6,965.7,38250,5326,3975,3741,3376,3129,3205,3699,1988,1641,1746,1493,1397,1105,968,967,494
2025-08-23,2025,8,Saturday,1,0,0,17.8,21.0,70.7,201.9,967.9,30906,4405,3313,3294,2411,2896,2054,3654,1232,1389,1348,1247,902,1031,782,645,303
2025-08-24,2025,8,Sunday,1,0,0,18.0,22.4,0.0,247.1,968.1,26087,3077,2163,2682,2091,1956,2020,4419,1256,1257,1489,912,820,664,425,498,358
2025-08-25,2025,8,Monday,0,0,0,19.2,25.4,10.7,266.2,967.3,42261,5225,3950,4150,3514,2945,3818,4419,2462,1976,2178,1665,1793,1155,1054,1246,711
2025-08-26,2025,8,Tuesday,0,0,0,22.0,28.6,79.4,254.2,964.3,47791,6091,4402,4518,4033,3207,4267,5135,2823,2281,2589,1956,1967,1293,1192,1191,846
2025-08-27,2025,8,Wednesday,0,0,0,21.8,26.6,205.0,181.0,962.3,40327,5200,3954,3973,3479,2912,3606,3661,2327,2006,2086,1593,1658,1109,1061,1083,619
2025-08-28,2025,8,Thursday,0,0,0,18.4,19.9,354.9,52.7,958.7,22169,3063,2444,2288,1972,1868,1813,1490,1179,1119,841,987,818,692,631,682,282
2025-08-29,2025,8,Friday,0,0,0,18.2,22.3,185.2,231.3,957.2,34952,4685,3781,3358,3069,2735,2981,3113,1848,1553,1739,1419,1343,975,963,916,474
2025-08-30,2025,8,Saturday,1,0,0,17.6,20.0,41.2,173.4,962.0,24417,3399,2865,2440,2141,2173,1677,2492,1049,1158,1100,987,743,767,670,565,191
2025-08-31,2025,8,Sunday,1,0,0,19.2,24.6,0.0,259.7,962.2,26731,3068,2287,2471,2310,2047,1880,4698,1277,1199,1634,897,938,685,423,541,376
2025-09-01,2025,9,Monday,0,0,0,18.0,20.2,209.8,89.2,961.2,26999,3576,2716,2715,2365,2078,2403,1709,1549,1394,1277,1175,1166,771,748,968,389
2025-09-02,2025,9,Tuesday,0,0,0,16.9,19.7,0.8,164.1,963.5,36864,4765,3619,3863,3060,2881,3487,2469,2326,1870,1728,1524,1605,1078,1008,1076,505
2025-09-03,2025,9,Wednesday,0,0,0,19.4,23.9,5.1,198.4,964.3,41293,5290,4093,4281,3385,3048,3713,3126,2503,2048,2076,1669,1763,1185,1055,1448,610
2025-09-04,2025,9,Thursday,0,0,0,18.3,21.5,463.7,99.6,965.8,28603,3803,2996,2843,2441,2044,2611,1864,1723,1428,1288,1195,1131,849,841,1175,371
2025-09-07,2025,9,Sunday,1,0,0,18.2,24.3,0.0,240.5,967.6,23888,2924,2071,2569,2110,1799,1896,2916,1361,1162,1357,835,730,652,461,743,302
2025-09-08,2025,9,Monday,0,0,0,19.1,22.4,0.0,117.8,966.3,33629,4305,3389,3349,2795,2532,3200,2306,2043,1629,1678,1350,1553,948,949,1106,497
2025-09-09,2025,9,Tuesday,0,0,0,17.7,20.1,196.0,126.5,964.4,27300,3732,3026,2829,2376,2115,2272,1659,1525,1377,1190,1217,1139,891,752,863,337
2025-09-10,2025,9,Wednesday,0,0,0,16.9,20.4,199.5,129.8,960.3,29803,4032,3184,3137,2494,2390,2565,1745,1689,1539,1358,1280,1289,945,822,966,368
2025-09-20,2025,9,Saturday,1,0,0,21.8,28.4,0.0,207.4,969.6,30845,4076,3210,2929,2951,2428,2065,3586,1455,1449,1532,1167,1119,982,924,569,403
2025-09-21,2025,9,Sunday,1,0,0,20.0,24.6,256.8,145.2,964.3,19672,2452,1934,1969,1832,1586,1520,2201,966,976,1070,738,679,610,462,413,264
2025-09-22,2025,9,Monday,0,0,0,14.1,16.8,435.8,40.8,963.1,16976,2323,1804,1673,1602,1424,1423,764,997,787,710,811,730,611,485,628,204
2025-09-23,2025,9,Tuesday,0,0,0,11.9,13.1,333.1,40.0,966.1,26137,3349,2651,2651,2350,1950,2399,1568,1668,1313,1208,1087,1212,783,786,772,390
2025-11-03,2025,11,Monday,0,0,0,9.7,13.4,0.0,87.1,973.1,29705,3845,2991,3187,2629,2294,2622,1840,2033,1519,1561,1211,1367,964,888,330,424
2025-11-04,2025,11,Tuesday,0,0,0,8.0,13.0,0.0,110.5,973.1,33974,4426,3426,3474,2862,2503,2945,2212,2332,1616,1646,1338,1566,1019,968,1132,509
2025-11-05,2025,11,Wednesday,0,0,0,7.5,13.3,0.0,103.7,969.1,33277,4203,3453,3441,2853,2315,2819,2137,2095,1670,1588,1287,1481,1027,958,1437,513
2025-11-06,2025,11,Thursday,0,0,0,4.8,7.6,80.9,55.9,962.2,31061,4072,3166,3162,2847,2277,2658,1760,1981,1493,1534,1172,1449,1002,928,1123,437
2025-11-07,2025,11,Friday,0,0,0,5.4,7.8,0.0,54.8,961.3,27465,3720,2928,3018,2528,2286,2218,1450,1599,1186,1240,1145,1087,945,827,933,355
2025-11-08,2025,11,Saturday,1,0,0,6.2,7.8,2.4,54.9,964.0,18805,2739,2297,2015,2008,1786,1137,1020,822,916,762,787,586,684,532,567,147
2025-11-09,2025,11,Sunday,1,0,0,8.2,9.9,184.9,30.5,967.6,12401,1659,1316,1457,1206,1123,880,698,653,644,637,505,432,454,289,361,87
2025-11-10,2025,11,Monday,0,0,0,7.4,8.2,24.6,18.4,965.6,27981,3529,2826,2823,2578,2093,2477,1563,1773,1332,1265,1099,1205,784,872,1377,385
2025-11-11,2025,11,Tuesday,0,0,0,9.5,14.2,0.0,94.2,966.5,33360,4373,3260,3425,2899,2374,2813,2148,2188,1653,1643,1355,1535,1065,911,1223,495
2025-11-12,2025,11,Wednesday,0,0,0,8.1,13.1,0.0,84.6,966.8,32217,4253,3226,3317,2810,2477,2804,2006,2000,1520,1578,1264,1400,1007,960,1115,480
2025-11-13,2025,11,Thursday,0,0,0,10.3,17.0,0.0,80.0,966.8,32730,4185,3491,3174,2980,2392,2758,2072,2104,1542,1664,1315,1420,1029,944,1168,492
2025-11-14,2025,11,Friday,0,0,0,10.7,14.9,0.0,63.4,961.6,29647,3935,3371,3024,2627,2329,2379,1703,1752,1444,1324,1252,1177,1003,863,1054,410
2025-11-15,2025,11,Saturday,1,0,0,13.2,16.7,33.1,75.6,960.0,21943,3294,2737,2160,2216,1998,1315,1386,1053,959,910,861,707,851,662,660,174
2025-11-16,2025,11,Sunday,1,0,0,10.2,11.6,4.4,26.8,957.9,13440,1882,1445,1501,1207,1298,858,808,693,844,636,580,406,502,293,397,90
2025-11-17,2025,11,Monday,0,0,0,7.7,10.4,417.3,18.0,960.5,19849,2479,1860,2071,1985,1637,1597,1006,1304,1006,901,793,896,627,562,865,260
2025-11-18,2025,11,Tuesday,0,0,0,2.6,4.5,0.0,68.4,968.0,29503,3794,2953,2977,2671,2356,2381,1735,1956,1479,1371,1197,1298,928,847,1091,469
2025-11-19,2025,11,Wednesday,0,0,0,3.6,5.4,0.0,73.6,959.5,28224,3718,2914,2929,2596,2295,2228,1560,1733,1489,1306,1076,1174,851,877,1100,378
2025-11-20,2025,11,Thursday,0,0,0,2.9,4.4,423.4,37.9,959.3,22158,2927,2399,2219,2178,1723,1722,1073,1371,1095,946,922,938,708,723,932,282
2025-11-21,2025,11,Friday,0,0,0,1.0,2.1,0.0,24.2,966.0,19535,2694,2169,1977,2183,1731,1379,879,1019,965,801,831,726,683,570,743,185
2025-11-22,2025,11,Saturday,1,0,0,-1.2,-0.1,0.0,71.2,973.2,14644,2214,1901,1479,1783,1395,767,730,662,646,569,620,443,519,453,368,95
2025-11-23,2025,11,Sunday,1,0,0,-1.0,2.6,261.3,65.8,963.7,10159,1391,1185,1116,1309,916,587,412,505,525,402,478,313,381,255,299,85
2025-11-24,2025,11,Monday,0,0,0,5.0,5.9,1352.6,11.1,950.5,12373,1471,1192,1198,1585,1077,965,493,801,536,462,514,520,445,333,612,169
2025-11-25,2025,11,Tuesday,0,0,0,4.7,5.6,728.0,24.8,953.0,20059,2686,2044,1976,2119,1641,1568,976,1279,936,829,801,852,646,612,832,262
2025-11-26,2025,11,Wednesday,0,0,0,3.5,4.0,676.0,16.9,965.1,20511,2690,2185,2176,1996,1671,1548,1028,1227,1050,857,835,865,674,574,880,255
2025-11-27,2025,11,Thursday,0,0,0,2.8,5.0,0.0,58.1,972.1,26488,3593,2959,2668,2469,2014,1941,1481,1651,1318,1211,1090,1144,851,807,946,345
2025-11-28,2025,11,Friday,0,0,0,2.3,5.2,52.7,83.6,970.3,23846,3342,2669,2442,2454,1963,1710,1236,1271,1137,998,1065,882,778,733,837,329
2025-11-29,2025,11,Saturday,1,0,0,5.6,8.8,264.5,54.0,964.2,16819,2569,2114,1820,1813,1641,862,738,792,776,639,742,570,674,492,446,131
2025-11-30,2025,11,Sunday,1,0,0,5.3,8.4,332.7,25.2,963.4,11638,1747,1393,1170,1186,1040,763,624,562,590,583,500,341,427,301,313,98
2025-12-01,2025,12,Monday,0,0,0,4.8,5.8,40.7,18.6,967.5,24825,3064,2514,2438,2297,1890,2363,1302,1636,1156,1139,995,1119,763,742,999,408
2025-12-02,2025,12,Tuesday,0,0,0,2.6,3.5,0.0,68.8,964.1,28146,3653,2845,2840,2753,2111,2365,1580,1817,1328,1346,1163,1240,835,768,1033,469
2025-12-03,2025,12,Wednesday,0,0,0,2.6,3.4,0.0,14.6,962.3,26581,3418,2682,2754,2633,2135,2196,1422,1561,1319,1222,1109,1137,797,746,1061,389
2025-12-04,2025,12,Thursday,0,0,0,3.5,4.4,0.0,16.6,958.6,27374,3643,2937,2772,2664,2105,2339,1499,1671,1358,1244,1053,1146,808,771,973,391
2025-12-05,2025,12,Friday,0,0,0,4.8,5.9,477.8,16.3,960.8,21337,2993,2391,2126,2276,1871,1597,985,1102,967,808,890,786,763,735,790,257
2025-12-06,2025,12,Saturday,1,0,0,6.6,9.7,111.5,36.1,961.9,15291,2246,1973,1653,1718,1455,906,689,658,704,579,673,454,592,445,433,113
2025-12-07,2025,12,Sunday,1,0,0,8.4,9.6,856.6,19.0,964.5,7865,1075,911,899,1032,750,441,345,342,401,413,311,206,246,190,240,63
2025-12-08,2025,12,Monday,0,0,0,9.9,11.7,430.1,39.9,969.5,24432,3238,2553,2395,2333,1807,2033,1312,1556,1188,1144,1016,918,774,755,1039,371
2025-12-09,2025,12,Tuesday,0,0,0,7.1,9.8,0.0,41.7,968.8,28487,3787,2852,2904,2718,2034,2460,1561,1922,1350,1367,1080,1153,882,830,1153,434
2025-12-10,2025,12,Wednesday,0,0,0,6.9,10.4,0.0,44.3,972.2,28743,3706,2869,2986,2750,2197,2434,1554,1709,1351,1476,1166,1228,860,899,1151,407
2025-12-11,2025,12,Thursday,0,0,0,8.2,9.2,71.5,17.3,973.2,28910,3826,3061,2823,2850,2091,2465,1636,1756,1342,1332,1254,1233,922,881,1086,352
2025-12-12,2025,12,Friday,0,0,0,6.8,8.0,0.0,53.0,972.6,26446,3639,2890,2718,2745,2122,2119,1419,1446,1217,1150,1062,984,904,821,850,360
2025-12-13,2025,12,Saturday,1,0,0,5.0,5.8,0.0,19.8,977.0,17490,2484,2172,1711,1979,1683,1051,852,843,855,700,760,580,600,610,479,131
2025-12-14,2025,12,Sunday,1,0,0,3.5,4.5,0.0,15.9,975.3,11204,1635,1359,1260,353,1076,849,756,529,651,647,502,351,417,357,348,114
2025-12-15,2025,12,Monday,0,0,0,2.1,3.2,0.0,21.4,969.7,25469,3170,2741,2448,2513,1898,2175,1384,1612,1172,1204,1030,1200,812,757,996,357
2025-12-16,2025,12,Tuesday,0,0,0,2.5,4.1,0.0,15.3,964.7,27298,3651,2743,2656,2592,2131,2369,1480,1677,1294,1232,1101,1217,850,869,1032,404
2025-12-17,2025,12,Wednesday,0,0,0,5.0,8.5,0.0,29.4,970.1,27180,3668,2788,2872,2568,2200,2313,1394,1551,1332,1287,1114,1114,836,850,994,299
2025-12-18,2025,12,Thursday,0,0,0,3.0,6.5,3.5,47.0,972.4,27321,3646,2748,2762,2821,2160,2319,1440,1623,1207,1270,1112,1140,877,853,930,413
2025-12-19,2025,12,Friday,0,0,0,3.4,5.4,0.8,21.1,971.9,24006,3367,2742,2313,2688,2050,1856,1128,1225,1038,1059,1017,889,801,789,770,274
2025-12-20,2025,12,Saturday,1,0,1,5.7,8.5,10.0,52.0,966.2,16456,2519,2073,1652,1953,1466,1011,862,648,706,725,664,498,628,509,443,99
2025-12-21,2025,12,Sunday,1,0,1,2.2,4.2,0.0,13.8,959.9,10241,1549,1157,1037,1400,884,628,474,436,483,471,422,309,364,286,275,66
2025-12-22,2025,12,Monday,0,0,1,1.6,2.7,0.0,33.2,958.5,16703,2263,2013,1517,2084,1387,1394,744,790,710,719,692,603,547,531,551,158
2025-12-23,2025,12,Tuesday,0,0,1,1.1,1.8,0.0,12.9,961.0,15764,2264,1903,1515,2107,1403,1238,661,642,633,624,593,481,524,504,505,167
2025-12-24,2025,12,Wednesday,0,0,1,1.9,2.9,21.0,3.2,963.7,8055,1085,961,676,1457,744,590,267,284,300,253,336,190,257,253,327,75
2025-12-25,2025,12,Thursday,0,1,1,1.0,1.6,0.0,32.6,968.1,4426,609,454,407,957,344,304,168,158,176,169,181,120,137,75,145,22
2025-12-26,2025,12,Friday,0,1,1,0.1,0.5,0.0,15.8,973.2,5965,799,660,580,1092,551,411,254,219,295,243,206,162,168,118,155,52
2025-12-27,2025,12,Saturday,1,0,1,-0.0,0.9,0.0,19.8,976.8,7984,1135,1032,700,1397,683,497,303,290,308,237,358,205,310,257,230,42
2025-12-28,2025,12,Sunday,1,0,1,-0.1,1.4,0.0,37.1,974.6,6676,934,743,637,1082,608,394,331,254,300,240,310,179,224,176,206,58
2025-12-29,2025,12,Monday,0,0,1,-0.1,0.9,0.0,27.8,971.0,10087,1374,1240,916,1461,849,711,444,454,397,341,452,341,332,293,393,89
2025-12-30,2025,12,Tuesday,0,0,1,0.0,2.1,0.0,40.4,972.8,10619,1496,1342,1007,1517,901,718,392,473,453,325,464,328,392,358,358,95
2025-12-31,2025,12,Wednesday,0,0,1,-1.8,0.8,0.0,71.6,972.8,8802,1209,1028,875,1325,778,545,454,360,367,309,329,267,297,280,312,67
